ad_name,hook_frame,master_frame,close_type,specificity,pain_target,production_cue,language,evidence_hook,evidence_close,evidence_pain,confidence,notes,source,tagged_at
ANZ-NZ_FB_Leads_Conv_Parents-Pri+Sec_New-Zealand_Form_Video_Testimonial-Shalini_170226,Academic-Outcome,Memorization-vs-Understanding,Try-Cuemath,Anonymous,"Confidence,Concept-Clarity",UGC-polished,English,"Mama, I got 100 on my math test.",Cuemath is definitely worth trying.,They focus on understanding concepts instead of memorizing formulas.,High,,v3-influencer,2026-04-30
ANZ-NZ_FB_Leads_Conv_PayU_New-Zealand_Video_Testimonial2-Shalini_250226,Academic-Outcome,Memorization-vs-Understanding,Try-Cuemath,Anonymous,"Confidence,Concept-Clarity",UGC-polished,English,"Mama, I got 100 on my math test.",Cuemath is definitely worth trying.,They focus on understanding concepts instead of memorizing formulas.,High,,v3-influencer,2026-04-30
ANZ-SG_FB_Leads_Conv_LAL-PayU_Singapore_Video_Testimonial2-Shalini_260226,Academic-Outcome,Memorization-vs-Understanding,Try-Cuemath,Anonymous,"Confidence,Concept-Clarity",UGC-polished,English,"Mama, I got 100 on my math test.",Cuemath is definitely worth trying.,They focus on understanding concepts instead of memorizing formulas.,High,,v3-influencer,2026-04-30
ANZ-UK_FB_Leads_Conv_PayU_UK_Video_Testimonial2-Shalini_190226,Academic-Outcome,Memorization-vs-Understanding,Try-Cuemath,Anonymous,"Confidence,Concept-Clarity",UGC-polished,English,"Mama, I got 100 on my math test.",Cuemath is definitely worth trying.,They focus on understanding concepts instead of memorizing formulas.,High,,v3-influencer,2026-04-30
ANZ-UK_FB_Leads_Conv_int4C_UK_Video_Influencer-Sahar_210426,Child-diagnosis,MathFit,Free-Class,Anonymous,Concept-Clarity,UGC-polished,English,"He could sometimes get the right answer in math. But when I asked him how he solved it, he couldn't really explain it.",You can also try their free trial class.,"They call it becoming MathFit, developing real problem solving and reasoning skills.",High,Script says QMath but means Cuemath.,v3-influencer,2026-04-30
ANZ_FB_Leads_Conv_Bollywood_Australia_Video_Edited-Deepthi_250326,Behavioral-Outcome,1-1-Personalization,Free-Class,Anonymous,"Confidence,Personalization-Gap",UGC-polished,English,"Look, I solved this math puzzle all by myself and got the right answer.","If you want your child to have that one-on-one attention, book a free trial.",There is no pressure to keep up with the whole class.,High,,v3-influencer,2026-04-30
ANZ_FB_Leads_Conv_Bollywood_Australia_Video_Edited-Jia_250326,Behavioral-Outcome,1-1-Personalization,Recommendation,Anonymous,"Engagement,Foundation",UGC-polished,English,I'm glad that my daughter is finally engaged with something productive.,I can't recommend this enough.,"They're building strong math foundation, playing fun math games.",High,,v3-influencer,2026-04-30
ANZ_FB_Leads_Conv_Bollywood_Australia_Video_Influencer-Sahar_210426,Child-diagnosis,MathFit,Free-Class,Anonymous,Concept-Clarity,UGC-polished,English,"He could sometimes get the right answer in math. But when I asked him how he solved it, he couldn't really explain it.",You can also try their free trial class.,"They call it becoming MathFit, developing real problem solving and reasoning skills.",High,Script says QMath but means Cuemath.,v3-influencer,2026-04-30
ANZ_FB_Leads_Conv_Influencers_Australia_Video_Influencer-Priya-Anand_270426,Enrichment,MathFit,Free-Class,Anonymous,"Foundation,Engagement",UGC-polished,English,She's four. And she counts everything... I don't want to waste it.,Book a free Cuemath trial class and see how a dedicated tutor keeps that curiosity growing.,Cuemath has made my child MathFit.,High,,v3-influencer,2026-04-30
ANZ_FB_Leads_Conv_Influencers_Australia_Video_Influencer-Sahar_090426,Child-diagnosis,MathFit,Free-Class,Anonymous,Concept-Clarity,UGC-polished,English,"He could sometimes get the right answer in math. But when I asked him how he solved it, he couldn't really explain it.",You can also try their free trial class.,"They call it becoming MathFit, developing real problem solving and reasoning skills.",High,Script says QMath but means Cuemath.,v3-influencer,2026-04-30
ANZ_FB_Leads_Conv_Influencers_Australia_Video_Influencer-Seema_270426,Child-diagnosis,1-1-Personalization,Free-Class,Anonymous,"Confidence,Personalization-Gap",UGC-polished,English,Group classes with 20 to 30 kids did not give her the confidence to speak up.,Cuemath is offering one free one-on-one trial class.,"They make her think, explain her reasoning, and really understand the why.",High,,v3-influencer,2026-04-30
ANZ_FB_Leads_Conv_Influencers_Australia_Video_Influencer-Shalini_270426,Academic-Outcome,Memorization-vs-Understanding,Try-Cuemath,Anonymous,"Confidence,Concept-Clarity",UGC-polished,English,"Mama, I got 100 on my math test.",Cuemath is definitely worth trying.,They focus on understanding concepts instead of memorizing formulas.,High,,v3-influencer,2026-04-30
ANZ_FB_Leads_Conv_Influencers_Australia_Video_Jayashree_200326,Behavioral-Outcome,1-1-Personalization,Try-Cuemath,Anonymous,Engagement,UGC-polished,English,She actually gets excited to sit at her desk for her Cuemath class.,"If you want your child to enjoy math like this, you should try it.",Her tutor really understands her learning style and keeps math fun.,High,,v3-influencer,2026-04-30
ANZ_FB_Leads_Conv_Influencers_Australia_Video_Jugnu_200326,Child-diagnosis,Memorization-vs-Understanding,Free-Class,Anonymous,"Concept-Clarity,Personalization-Gap",UGC-polished,English,We used to spend so much time on math homework that my daughter was often missing playtime.,"If you're curious, they offer a free trial class.",Their approach is not about memorizing formulas - it's really understanding the why behind math.,High,,v3-influencer,2026-04-30
ANZ_FB_Leads_Conv_Locations_Australia_Video_Testimonial-Shalini_170226,Academic-Outcome,Memorization-vs-Understanding,Try-Cuemath,Anonymous,"Confidence,Concept-Clarity",UGC-polished,English,"Mama, I got 100 on my math test.",Cuemath is definitely worth trying.,They focus on understanding concepts instead of memorizing formulas.,High,,v3-influencer,2026-04-30
ANZ_FB_Leads_Conv_Parents-Pri+Sec-Inf_Australia_Video_Influencer-Heena_160226,Behavioral-Outcome,1-1-Personalization,Free-Class,Named-child,"Engagement,Concept-Clarity",UGC-polished,English,The math hack every mom needs to know - it changed how my daughter sees math.,Book a trial class.,We started with Cuemath for Aashna. They offer a personalized learning plan.,High,,v3-influencer,2026-04-30
ANZ_FB_Leads_Conv_Razorpay_Australia_Video_Influencer-Sahar_210426,Child-diagnosis,MathFit,Free-Class,Anonymous,Concept-Clarity,UGC-polished,English,"He could sometimes get the right answer in math. But when I asked him how he solved it, he couldn't really explain it.",You can also try their free trial class.,"They call it becoming MathFit, developing real problem solving and reasoning skills.",High,Script says QMath but means Cuemath.,v3-influencer,2026-04-30
ANZ_FB_Leads_Conv_int-Parents_Australia_Video_Influencer-Sahar_090426,Child-diagnosis,MathFit,Free-Class,Anonymous,Concept-Clarity,UGC-polished,English,"He could sometimes get the right answer in math. But when I asked him how he solved it, he couldn't really explain it.",You can also try their free trial class.,"They call it becoming MathFit, developing real problem solving and reasoning skills.",High,Script says QMath but means Cuemath.,v3-influencer,2026-04-30
ANZ_FB_Leads_Conv_int4C_Australia_Video_Influencer-Sahar_210426,Child-diagnosis,MathFit,Free-Class,Anonymous,Concept-Clarity,UGC-polished,English,"He could sometimes get the right answer in math. But when I asked him how he solved it, he couldn't really explain it.",You can also try their free trial class.,"They call it becoming MathFit, developing real problem solving and reasoning skills.",High,Script says QMath but means Cuemath.,v3-influencer,2026-04-30
ANZ_FB_Leads_Conv_int4C_Australia_Video_Jugnu_210426,Child-diagnosis,Memorization-vs-Understanding,Free-Class,Anonymous,"Concept-Clarity,Personalization-Gap",UGC-polished,English,We used to spend so much time on math homework that my daughter was often missing playtime.,"If you're curious, they offer a free trial class.",Their approach is not about memorizing formulas - it's really understanding the why behind math.,High,,v3-influencer,2026-04-30
CAN_FB_Leads_Conv_LAL_Enrolled_Signup_Old-LP_35-55_Influencer_NA_Video_Heena_030226,Behavioral-Outcome,1-1-Personalization,Free-Class,Named-child,"Engagement,Concept-Clarity",UGC-polished,English,The math hack every mom needs to know - it changed how my daughter sees math.,Book a trial class.,We started with Cuemath for Aashna. They offer a personalized learning plan.,High,,v3-influencer,2026-04-30
CAN_FB_Leads_Conv_LAL_Enrolled_Signup_Old-LP_35-55_Influencer_NA_Video_Keerthi_030226,Cultural,Cultural-Relatability,Try-Cuemath,Named-child,"Competition-Prep,Personalization-Gap",UGC-polished,English,As an NRI parent we always have the tension as to where to send for tuition specially for Math.,It is definitely worth it - please give it a try.,They also train for competitive exams like Math Kangaroo and AMC 8.,High,,v3-influencer,2026-04-30
CAN_FB_Leads_Conv_LAL_Enrolled_Signup_Old-LP_35-55_Influencer_NA_Video_Priyanshul_IG_video_290126,Cultural,1-1-Personalization,Free-Class,Named-child,Concept-Clarity,UGC-polished,Mixed,Chicago ka weather abhi kaafi unpredictable chal raha hai.,I'll share the free trial class link with you.,They focus on building concepts rather than rote learning.,High,Hinglish NRI dad-of-Govind frame.,v3-influencer,2026-04-30
Influencer-Video_Priyanshul_260126,Cultural,1-1-Personalization,Free-Class,Named-child,Concept-Clarity,UGC-polished,Mixed,Chicago ka weather abhi kaafi unpredictable chal raha hai.,I'll share the free trial class link with you.,They focus on building concepts rather than rote learning.,High,Hinglish NRI dad-of-Govind frame.,v3-influencer,2026-04-30
MEA_AKT_FB_Leads_Conv_Dubai_Premium_Ecom_Brands_LP_Signup_Influencer_Videos_NA_Video_Keerthi_200426,Cultural,Cultural-Relatability,Try-Cuemath,Named-child,"Competition-Prep,Personalization-Gap",UGC-polished,English,As an NRI parent we always have the tension as to where to send for tuition specially for Math.,It is definitely worth it - please give it a try.,They also train for competitive exams like Math Kangaroo and AMC 8.,High,,v3-influencer,2026-04-30
MEA_AKT_FB_Leads_Conv_Dubai_Premium_Ecom_Brands_LP_Signup_Influencer_Videos_NA_Video_Priyanshul_200426,Cultural,1-1-Personalization,Free-Class,Named-child,Concept-Clarity,UGC-polished,Mixed,Chicago ka weather abhi kaafi unpredictable chal raha hai.,I'll share the free trial class link with you.,They focus on building concepts rather than rote learning.,High,Hinglish NRI dad-of-Govind frame.,v3-influencer,2026-04-30
MEA_AKT_FB_Leads_Conv_Dubai_Premium_Ecom_Brands_LP_Signup_Influencer_Videos_NA_Video_Video_Shalini_Inhouse_Edit_200426,Academic-Outcome,Memorization-vs-Understanding,Try-Cuemath,Anonymous,"Confidence,Concept-Clarity",UGC-polished,English,"Mama, I got 100 on my math test.",Cuemath is definitely worth trying.,They focus on understanding concepts instead of memorizing formulas.,High,,v3-influencer,2026-04-30
MEA_AKT_FB_Leads_Conv_Dubai_Premium_Ecom_Brands_LP_Signup_Influencer_Videos_NA_Video_Video_Shweta_Negi_200426,Behavioral-Outcome,1-1-Personalization,Try-Cuemath,Anonymous,Concept-Clarity,UGC-polished,English,He's been doing these Cuemath Classes. I love the fact that it's 1:1.,So if you want to see your... try this.,Concepts. He isn't just counting anymore.,High,,v3-influencer,2026-04-30
USA_AKT_FB_Leads_Conv_Advantage+Audience_Telugu_ShortForm-LP_NA_Video_Testimonial-Deepthi-31s-Telugu_11-Nov-2025,Behavioral-Outcome,1-1-Personalization,Free-Class,Anonymous,"Confidence,Personalization-Gap",UGC-polished,Telugu,"Look, I solved this math puzzle all by myself and got the right answer.","If you want your child to have that one-on-one attention, book a free trial.",There is no pressure to keep up with the whole class.,High,,v3-influencer,2026-04-30
USA_AKT_FB_Leads_Conv_Expats_NRI_Telugu_LeadGen_NA_Video_Testimonial-Deepthi-31s-Telugu_180226,Behavioral-Outcome,1-1-Personalization,Free-Class,Anonymous,"Confidence,Personalization-Gap",UGC-polished,Telugu,"Look, I solved this math puzzle all by myself and got the right answer.","If you want your child to have that one-on-one attention, book a free trial.",There is no pressure to keep up with the whole class.,High,,v3-influencer,2026-04-30
USA_FB_Leads_Conv_Advantage_Audience_Gujarati_35_55_LeadGen_NA_Video_Gujarati-Testimonial-Nidhi-Shah-020126,Anxiety,Memorization-vs-Understanding,Free-Class,Anonymous,"Foundation,Confidence",UGC-polished,Gujarati,This year he will either love math or totally hate it. I wasn't ready to leave it to luck.,Book a free Cuemath trial class today.,Visual tools and logic games that turn abstract concepts into something real.,High,,v3-influencer,2026-04-30
USA_FB_Leads_Conv_Advantage_Audience_Telugu_LeadGen_35-55_LeadGen_NA_Video_Perf_Telegu_Influencer_Anudeep_US_150426,Behavioral-Outcome,Top-Tutors,Try-Cuemath,Anonymous,"Concept-Clarity,Personalization-Gap",UGC-polished,Telugu,"Wow, I never thought the maths would be this good.",There will be a free Cuemath trial class. Try it once.,Personalized online 1-1 classes with top Indian tutors.,High,,v3-influencer,2026-04-30
USA_FB_Leads_Conv_Advantage_Audience_Telugu_LeadGen_35-55_LeadGen_NA_Video_Perf_Telegu_Influencer_Keerthi_US_150426,Cultural,Cultural-Relatability,Try-Cuemath,Named-child,"Competition-Prep,Personalization-Gap",UGC-polished,Telugu,As an NRI parent we always have the tension as to where to send for tuition specially for Math.,It is definitely worth it - please give it a try.,They also train for competitive exams like Math Kangaroo and AMC 8.,High,,v3-influencer,2026-04-30
USA_FB_Leads_Conv_CTF_LAL_Enrolled_Signup_LP_Video_Influencer_Perf_Edit_Shweta_Negi_180326,Behavioral-Outcome,1-1-Personalization,Try-Cuemath,Anonymous,Concept-Clarity,UGC-polished,English,He's been doing these Cuemath Classes. I love the fact that it's 1:1.,So if you want to see your... try this.,Concepts. He isn't just counting anymore.,High,,v3-influencer,2026-04-30
USA_FB_Leads_Conv_CTF_LAL_Enrolled_Signup_LP_Video_Influencer_Perf_Twitter_Edit_Heena_180326,Behavioral-Outcome,1-1-Personalization,Free-Class,Named-child,"Engagement,Concept-Clarity",UGC-polished,English,The math hack every mom needs to know - it changed how my daughter sees math.,Book a trial class.,We started with Cuemath for Aashna. They offer a personalized learning plan.,High,,v3-influencer,2026-04-30
USA_FB_Leads_Conv_Expats_Female_35_55_Signup_LP_Influencer_Perf_Edit_NA_Video_Influencer_Perf_Twitter_Edit_Heena_130426,Behavioral-Outcome,1-1-Personalization,Free-Class,Named-child,"Engagement,Concept-Clarity",UGC-polished,English,The math hack every mom needs to know - it changed how my daughter sees math.,Book a trial class.,We started with Cuemath for Aashna. They offer a personalized learning plan.,High,,v3-influencer,2026-04-30
USA_FB_Leads_Conv_Expats_Female_35_55_Signup_LP_Influencer_Perf_Edit_NA_Video_Perf_Influencer_Deepthi_US_130426,Behavioral-Outcome,1-1-Personalization,Free-Class,Anonymous,"Confidence,Personalization-Gap",UGC-polished,English,"Look, I solved this math puzzle all by myself and got the right answer.","If you want your child to have that one-on-one attention, book a free trial.",There is no pressure to keep up with the whole class.,High,,v3-influencer,2026-04-30
USA_FB_Leads_Conv_Expats_Female_35_55_Signup_LP_Influencer_Perf_Edit_NA_Video_Perf_Influencer_Jia_US_130426,Behavioral-Outcome,1-1-Personalization,Recommendation,Anonymous,"Engagement,Foundation",UGC-polished,English,I'm glad that my daughter is finally engaged with something productive.,I can't recommend this enough.,"They're building strong math foundation, playing fun math games.",High,,v3-influencer,2026-04-30
USA_FB_Leads_Conv_Expats_NRI_Audience_35-55_LeadGen_NA_Video_Influencer_Perf_Edit_Shweta_Negi_060426,Behavioral-Outcome,1-1-Personalization,Try-Cuemath,Anonymous,Concept-Clarity,UGC-polished,English,He's been doing these Cuemath Classes. I love the fact that it's 1:1.,So if you want to see your... try this.,Concepts. He isn't just counting anymore.,High,,v3-influencer,2026-04-30
USA_FB_Leads_Conv_Expats_NRI_Audience_35-55_LeadGen_NA_Video_Influencer_Perf_Twitter_Edit_Heena_060426,Behavioral-Outcome,1-1-Personalization,Free-Class,Named-child,"Engagement,Concept-Clarity",UGC-polished,English,The math hack every mom needs to know - it changed how my daughter sees math.,Book a trial class.,We started with Cuemath for Aashna. They offer a personalized learning plan.,High,,v3-influencer,2026-04-30
USA_FB_Leads_Conv_Expats_NRI_Audience_35-55_LeadGen_NA_Video_Perf_Influencer_Deepthi_US_060426,Behavioral-Outcome,1-1-Personalization,Free-Class,Anonymous,"Confidence,Personalization-Gap",UGC-polished,English,"Look, I solved this math puzzle all by myself and got the right answer.","If you want your child to have that one-on-one attention, book a free trial.",There is no pressure to keep up with the whole class.,High,,v3-influencer,2026-04-30
USA_FB_Leads_Conv_Expats_NRI_Audience_Signup_LP_Influencer_Perf_Edit_NA_Video_Influencer_Perf_Edit_Shweta_Negi_250326,Behavioral-Outcome,1-1-Personalization,Try-Cuemath,Anonymous,Concept-Clarity,UGC-polished,English,He's been doing these Cuemath Classes. I love the fact that it's 1:1.,So if you want to see your... try this.,Concepts. He isn't just counting anymore.,High,,v3-influencer,2026-04-30
USA_FB_Leads_Conv_Expats_NRI_Audience_Signup_LP_Influencer_Perf_Edit_NA_Video_Influencer_Perf_Twitter_Edit_Heena_250326,Behavioral-Outcome,1-1-Personalization,Free-Class,Named-child,"Engagement,Concept-Clarity",UGC-polished,English,The math hack every mom needs to know - it changed how my daughter sees math.,Book a trial class.,We started with Cuemath for Aashna. They offer a personalized learning plan.,High,,v3-influencer,2026-04-30
USA_FB_Leads_Conv_Expats_NRI_Audience_Signup_LP_Influencer_Perf_Edit_NA_Video_Perf_Influencer_Deepthi_US_250326,Behavioral-Outcome,1-1-Personalization,Free-Class,Anonymous,"Confidence,Personalization-Gap",UGC-polished,English,"Look, I solved this math puzzle all by myself and got the right answer.","If you want your child to have that one-on-one attention, book a free trial.",There is no pressure to keep up with the whole class.,High,,v3-influencer,2026-04-30
USA_FB_Leads_Conv_Expats_NRI_Audience_Signup_LP_Influencer_Perf_Edit_NA_Video_Perf_Influencer_Jia_US_250326,Behavioral-Outcome,1-1-Personalization,Recommendation,Anonymous,"Engagement,Foundation",UGC-polished,English,I'm glad that my daughter is finally engaged with something productive.,I can't recommend this enough.,"They're building strong math foundation, playing fun math games.",High,,v3-influencer,2026-04-30
USA_FB_Leads_Conv_Expats_NRI_Audience_Signup_LP_Influencer_Perf_Edit_NA_Video_Perf_Telegu_Influencer_Anudeep_US_250326,Behavioral-Outcome,Top-Tutors,Try-Cuemath,Anonymous,"Concept-Clarity,Personalization-Gap",UGC-polished,Telugu,"Wow, I never thought the maths would be this good.",There will be a free Cuemath trial class. Try it once.,Personalized online 1-1 classes with top Indian tutors.,High,,v3-influencer,2026-04-30
USA_FB_Leads_Conv_Expats_NRI_Audience_Signup_LP_Influencer_Perf_Edit_NA_Video_Perf_Telegu_Influencer_Keerthi_US_250326,Cultural,Cultural-Relatability,Try-Cuemath,Named-child,"Competition-Prep,Personalization-Gap",UGC-polished,Telugu,As an NRI parent we always have the tension as to where to send for tuition specially for Math.,It is definitely worth it - please give it a try.,They also train for competitive exams like Math Kangaroo and AMC 8.,High,,v3-influencer,2026-04-30
USA_FB_Leads_Conv_Expats_NRI_Audience_Telugu_LeadGen_35-55_LeadGen_NA_Video_Perf_Telegu_Influencer_Anudeep_US_150426,Behavioral-Outcome,Top-Tutors,Try-Cuemath,Anonymous,"Concept-Clarity,Personalization-Gap",UGC-polished,Telugu,"Wow, I never thought the maths would be this good.",There will be a free Cuemath trial class. Try it once.,Personalized online 1-1 classes with top Indian tutors.,High,,v3-influencer,2026-04-30
USA_FB_Leads_Conv_Expats_NRI_Audience_Telugu_LeadGen_35-55_LeadGen_NA_Video_Perf_Telegu_Influencer_Keerthi_US_150426,Cultural,Cultural-Relatability,Try-Cuemath,Named-child,"Competition-Prep,Personalization-Gap",UGC-polished,Telugu,As an NRI parent we always have the tension as to where to send for tuition specially for Math.,It is definitely worth it - please give it a try.,They also train for competitive exams like Math Kangaroo and AMC 8.,High,,v3-influencer,2026-04-30
USA_FB_Leads_Conv_Expats_NRI_Signup_Old-LP_35-55_Influencer_NA_Video_Heena_030226,Behavioral-Outcome,1-1-Personalization,Free-Class,Named-child,"Engagement,Concept-Clarity",UGC-polished,English,The math hack every mom needs to know - it changed how my daughter sees math.,Book a trial class.,We started with Cuemath for Aashna. They offer a personalized learning plan.,High,,v3-influencer,2026-04-30
USA_FB_Leads_Conv_Expats_NRI_Signup_Old-LP_35-55_Influencer_NA_Video_Keerthi_030226,Cultural,Cultural-Relatability,Try-Cuemath,Named-child,"Competition-Prep,Personalization-Gap",UGC-polished,English,As an NRI parent we always have the tension as to where to send for tuition specially for Math.,It is definitely worth it - please give it a try.,They also train for competitive exams like Math Kangaroo and AMC 8.,High,,v3-influencer,2026-04-30
USA_FB_Leads_Conv_Expats_NRI_Signup_Old-LP_35-55_Influencer_NA_Video_Priyanshul_IG_video_290126,Cultural,1-1-Personalization,Free-Class,Named-child,Concept-Clarity,UGC-polished,Mixed,Chicago ka weather abhi kaafi unpredictable chal raha hai.,I'll share the free trial class link with you.,They focus on building concepts rather than rote learning.,High,Hinglish NRI dad-of-Govind frame.,v3-influencer,2026-04-30
USA_FB_Leads_Conv_Influencer_35_55_Advantage_LP_Signup_NA_Video_Shalini_Inhouse_Edit_030326,Academic-Outcome,Memorization-vs-Understanding,Try-Cuemath,Anonymous,"Confidence,Concept-Clarity",UGC-polished,English,"Mama, I got 100 on my math test.",Cuemath is definitely worth trying.,They focus on understanding concepts instead of memorizing formulas.,High,,v3-influencer,2026-04-30
USA_FB_Leads_Conv_Influencer_35_55_Advantage_LP_Signup_NA_Video_Shalini_Inhouse_Edit_310326,Academic-Outcome,Memorization-vs-Understanding,Try-Cuemath,Anonymous,"Confidence,Concept-Clarity",UGC-polished,English,"Mama, I got 100 on my math test.",Cuemath is definitely worth trying.,They focus on understanding concepts instead of memorizing formulas.,High,,v3-influencer,2026-04-30
USA_FB_Leads_Conv_Influencer_Expats_Part1_Signup_LP_Postboost_Video_Ana_250426,Enrichment,Memorization-vs-Understanding,Free-Class,Anonymous,Topic-Algebra,UGC-polished,English,I started using Cuemath for high school prep. My tutor just doesn't give me formulas to memorize.,Do them a favor and book the free trial.,Visual simulations that make advanced algebra and geometry actually make sense.,High,,v3-influencer,2026-04-30
USA_FB_Leads_Conv_Influencer_Expats_Part1_Signup_LP_Postboost_Video_Anudeep_250426,Behavioral-Outcome,Top-Tutors,Try-Cuemath,Anonymous,"Concept-Clarity,Personalization-Gap",UGC-polished,English,"Wow, I never thought the maths would be this good.",There will be a free Cuemath trial class. Try it once.,Personalized online 1-1 classes with top Indian tutors.,High,,v3-influencer,2026-04-30
USA_FB_Leads_Conv_Influencer_Expats_Part1_Signup_LP_Postboost_Video_Jayashree_250426,Behavioral-Outcome,1-1-Personalization,Try-Cuemath,Anonymous,Engagement,UGC-polished,English,She actually gets excited to sit at her desk for her Cuemath class.,"If you want your child to enjoy math like this, you should try it.",Her tutor really understands her learning style and keeps math fun.,High,,v3-influencer,2026-04-30
USA_FB_Leads_Conv_Influencer_Expats_Part1_Signup_LP_Postboost_Video_Priyanka_D_280426,Behavioral-Outcome,1-1-Personalization,Free-Class,Anonymous,"Concept-Clarity,Confidence",UGC-polished,English,"Mama, if one apple costs $3, how much would seven apples cost? $21. So easy.",If you want to try out for a free Cuemath trial class.,"His tutor goes at his pace, makes sure he really understand math and focuses on reasoning.",High,,v3-influencer,2026-04-30
USA_FB_Leads_Conv_Influencer_Expats_Part2_Signup_LP_Postboost_Video_Priyanka_D_250426,Behavioral-Outcome,1-1-Personalization,Free-Class,Anonymous,"Concept-Clarity,Confidence",UGC-polished,English,"Mama, if one apple costs $3, how much would seven apples cost? $21. So easy.",If you want to try out for a free Cuemath trial class.,"His tutor goes at his pace, makes sure he really understand math and focuses on reasoning.",High,,v3-influencer,2026-04-30
USA_FB_Leads_Conv_Influencer_Expats_Part3_Signup_LP_Postboost_Video_Seema_250426,Child-diagnosis,1-1-Personalization,Free-Class,Anonymous,"Confidence,Personalization-Gap",UGC-polished,English,Group classes with 20 to 30 kids did not give her the confidence to speak up.,Cuemath is offering one free one-on-one trial class.,"They make her think, explain her reasoning, and really understand the why.",High,,v3-influencer,2026-04-30
USA_FB_Leads_Conv_Influencer_LAL_Enrolled_Signup_LP_Edited_Videos_Video_Jayashree_190326,Behavioral-Outcome,1-1-Personalization,Try-Cuemath,Anonymous,Engagement,UGC-polished,English,She actually gets excited to sit at her desk for her Cuemath class.,"If you want your child to enjoy math like this, you should try it.",Her tutor really understands her learning style and keeps math fun.,High,,v3-influencer,2026-04-30
USA_FB_Leads_Conv_Influencer_LAL_Enrolled_Signup_LP_Edited_Videos_Video_Jugnu_190326,Child-diagnosis,Memorization-vs-Understanding,Free-Class,Anonymous,"Concept-Clarity,Personalization-Gap",UGC-polished,English,We used to spend so much time on math homework that my daughter was often missing playtime.,"If you're curious, they offer a free trial class.",Their approach is not about memorizing formulas - it's really understanding the why behind math.,High,,v3-influencer,2026-04-30
USA_FB_Leads_Conv_Influencer_LAL_Enrolled_Signup_LP_Edited_Videos_Video_Priyanshul_190326,Cultural,1-1-Personalization,Free-Class,Named-child,Concept-Clarity,UGC-polished,Mixed,Chicago ka weather abhi kaafi unpredictable chal raha hai.,I'll share the free trial class link with you.,They focus on building concepts rather than rote learning.,High,Hinglish NRI dad-of-Govind frame.,v3-influencer,2026-04-30
USA_FB_Leads_Conv_Influencer_LAL_Enrolled_Signup_LP_Edited_Videos_Video_Priyanshul_IG_220326,Cultural,1-1-Personalization,Free-Class,Named-child,Concept-Clarity,UGC-polished,Mixed,Chicago ka weather abhi kaafi unpredictable chal raha hai.,I'll share the free trial class link with you.,They focus on building concepts rather than rote learning.,High,Hinglish NRI dad-of-Govind frame.,v3-influencer,2026-04-30
USA_FB_Leads_Conv_Influencer_LAL_Enrolled_Signup_LP_Edited_Videos_Video_Sahar_190326,Child-diagnosis,MathFit,Free-Class,Anonymous,Concept-Clarity,UGC-polished,English,"He could sometimes get the right answer in math. But when I asked him how he solved it, he couldn't really explain it.",You can also try their free trial class.,"They call it becoming MathFit, developing real problem solving and reasoning skills.",High,Script says QMath but means Cuemath.,v3-influencer,2026-04-30
USA_FB_Leads_Conv_Influencer_LAL_Enrolled_Signup_LP_Postboost_Placement_Targeting_Video_Abhilasha_170326,Behavioral-Outcome,1-1-Personalization,Free-Class,Anonymous,"Engagement,Concept-Clarity",UGC-polished,English,"I love a good mom hack, but this one actually changed our everyday routine.",Cuemath even offers a free trial.,He asks questions freely and gets instant feedback. Math time is no longer a struggle.,High,,v3-influencer,2026-04-30
USA_FB_Leads_Conv_Influencer_LAL_Enrolled_Signup_LP_Postboost_Placement_Targeting_Video_Jayashree_170326,Behavioral-Outcome,1-1-Personalization,Try-Cuemath,Anonymous,Engagement,UGC-polished,English,She actually gets excited to sit at her desk for her Cuemath class.,"If you want your child to enjoy math like this, you should try it.",Her tutor really understands her learning style and keeps math fun.,High,,v3-influencer,2026-04-30
USA_FB_Leads_Conv_Influencer_LAL_Enrolled_Signup_LP_Postboost_Placement_Targeting_Video_Jugnu_170326,Child-diagnosis,Memorization-vs-Understanding,Free-Class,Anonymous,"Concept-Clarity,Personalization-Gap",UGC-polished,English,We used to spend so much time on math homework that my daughter was often missing playtime.,"If you're curious, they offer a free trial class.",Their approach is not about memorizing formulas - it's really understanding the why behind math.,High,,v3-influencer,2026-04-30
USA_FB_Leads_Conv_Influencer_LAL_Enrolled_Signup_LP_Postboost_Placement_Targeting_Video_Priyanshul_170326,Cultural,1-1-Personalization,Free-Class,Named-child,Concept-Clarity,UGC-polished,Mixed,Chicago ka weather abhi kaafi unpredictable chal raha hai.,I'll share the free trial class link with you.,They focus on building concepts rather than rote learning.,High,Hinglish NRI dad-of-Govind frame.,v3-influencer,2026-04-30
USA_FB_Leads_Conv_Influencer_LAL_Enrolled_Signup_LP_Postboost_Placement_Targeting_Video_Sahar_170326,Child-diagnosis,MathFit,Free-Class,Anonymous,Concept-Clarity,UGC-polished,English,"He could sometimes get the right answer in math. But when I asked him how he solved it, he couldn't really explain it.",You can also try their free trial class.,"They call it becoming MathFit, developing real problem solving and reasoning skills.",High,Script says QMath but means Cuemath.,v3-influencer,2026-04-30
USA_FB_Leads_Conv_Influencer_LAL_Enrolled_Signup_LP_Postboost_Placement_Targeting_Video_Seema_170326,Child-diagnosis,1-1-Personalization,Free-Class,Anonymous,"Confidence,Personalization-Gap",UGC-polished,English,Group classes with 20 to 30 kids did not give her the confidence to speak up.,Cuemath is offering one free one-on-one trial class.,"They make her think, explain her reasoning, and really understand the why.",High,,v3-influencer,2026-04-30
USA_FB_Leads_Conv_Influencer_LAL_Enrolled_Signup_LP_Postboost_Placement_Targeting_Video_Suzy_170326,Child-diagnosis,Memorization-vs-Understanding,Unclear,Anonymous,"Concept-Clarity,Confidence",UGC-polished,English,"Every time it was time for math homework, my daughter would get frustrated.",She showed me a math puzzle she solved on her own.,"Instead of memorising formulas, she finally started understanding the concepts.",High,No explicit CTA in script.,v3-influencer,2026-04-30
USA_FB_Leads_Conv_Influencer_LAL_Enrolled_Signup_LP_Postboost_Video_Abhilasha_170326,Behavioral-Outcome,1-1-Personalization,Free-Class,Anonymous,"Engagement,Concept-Clarity",UGC-polished,English,"I love a good mom hack, but this one actually changed our everyday routine.",Cuemath even offers a free trial.,He asks questions freely and gets instant feedback. Math time is no longer a struggle.,High,,v3-influencer,2026-04-30
USA_FB_Leads_Conv_Influencer_LAL_Enrolled_Signup_LP_Postboost_Video_Jayashree_170326,Behavioral-Outcome,1-1-Personalization,Try-Cuemath,Anonymous,Engagement,UGC-polished,English,She actually gets excited to sit at her desk for her Cuemath class.,"If you want your child to enjoy math like this, you should try it.",Her tutor really understands her learning style and keeps math fun.,High,,v3-influencer,2026-04-30
USA_FB_Leads_Conv_Influencer_LAL_Enrolled_Signup_LP_Postboost_Video_Jugnu_170326,Child-diagnosis,Memorization-vs-Understanding,Free-Class,Anonymous,"Concept-Clarity,Personalization-Gap",UGC-polished,English,We used to spend so much time on math homework that my daughter was often missing playtime.,"If you're curious, they offer a free trial class.",Their approach is not about memorizing formulas - it's really understanding the why behind math.,High,,v3-influencer,2026-04-30
USA_FB_Leads_Conv_Influencer_LAL_Enrolled_Signup_LP_Postboost_Video_Priyanshul_170326,Cultural,1-1-Personalization,Free-Class,Named-child,Concept-Clarity,UGC-polished,Mixed,Chicago ka weather abhi kaafi unpredictable chal raha hai.,I'll share the free trial class link with you.,They focus on building concepts rather than rote learning.,High,Hinglish NRI dad-of-Govind frame.,v3-influencer,2026-04-30
USA_FB_Leads_Conv_Influencer_LAL_Enrolled_Signup_LP_Postboost_Video_Priyanshul_200426,Cultural,1-1-Personalization,Free-Class,Named-child,Concept-Clarity,UGC-polished,Mixed,Chicago ka weather abhi kaafi unpredictable chal raha hai.,I'll share the free trial class link with you.,They focus on building concepts rather than rote learning.,High,Hinglish NRI dad-of-Govind frame.,v3-influencer,2026-04-30
USA_FB_Leads_Conv_Influencer_LAL_Enrolled_Signup_LP_Postboost_Video_Sahar_170326,Child-diagnosis,MathFit,Free-Class,Anonymous,Concept-Clarity,UGC-polished,English,"He could sometimes get the right answer in math. But when I asked him how he solved it, he couldn't really explain it.",You can also try their free trial class.,"They call it becoming MathFit, developing real problem solving and reasoning skills.",High,Script says QMath but means Cuemath.,v3-influencer,2026-04-30
USA_FB_Leads_Conv_Influencer_LAL_Enrolled_Signup_LP_Postboost_Video_Seema_170326,Child-diagnosis,1-1-Personalization,Free-Class,Anonymous,"Confidence,Personalization-Gap",UGC-polished,English,Group classes with 20 to 30 kids did not give her the confidence to speak up.,Cuemath is offering one free one-on-one trial class.,"They make her think, explain her reasoning, and really understand the why.",High,,v3-influencer,2026-04-30
USA_FB_Leads_Conv_Influencer_LAL_Enrolled_Signup_LP_Postboost_Video_Suzy_170326,Child-diagnosis,Memorization-vs-Understanding,Unclear,Anonymous,"Concept-Clarity,Confidence",UGC-polished,English,"Every time it was time for math homework, my daughter would get frustrated.",She showed me a math puzzle she solved on her own.,"Instead of memorising formulas, she finally started understanding the concepts.",High,No explicit CTA in script.,v3-influencer,2026-04-30
USA_FB_Leads_Conv_Influencer_LAL_Razorpay_High_School_Part1_Signup_LP_Postboost_Video_Deepthi_Bandaru_240426,Behavioral-Outcome,1-1-Personalization,Free-Class,Anonymous,"Confidence,Personalization-Gap",UGC-polished,English,"Look, I solved this math puzzle all by myself and got the right answer.","If you want your child to have that one-on-one attention, book a free trial.",There is no pressure to keep up with the whole class.,High,,v3-influencer,2026-04-30
USA_FB_Leads_Conv_Influencer_LAL_Razorpay_High_School_Part1_Signup_LP_Postboost_Video_Nidhi_240426,Anxiety,Memorization-vs-Understanding,Free-Class,Anonymous,"Foundation,Confidence",UGC-polished,English,This year he will either love math or totally hate it. I wasn't ready to leave it to luck.,Book a free Cuemath trial class today.,Visual tools and logic games that turn abstract concepts into something real.,High,,v3-influencer,2026-04-30
USA_FB_Leads_Conv_Influencer_LAL_Razorpay_High_School_Part2_Signup_LP_Postboost_Video_Alev_240426,Enrichment,1-1-Personalization,Free-Class,Anonymous,"Concept-Clarity,Personalization-Gap",UGC-polished,English,"She's always been good at math, but I knew school alone wouldn't be enough.",Check out the free trial class.,Visual and interactive methods that actually help her understand the concepts.,High,,v3-influencer,2026-04-30
USA_FB_Leads_Conv_Influencer_LAL_Razorpay_High_School_Part2_Signup_LP_Postboost_Video_Suzy_240426,Child-diagnosis,Memorization-vs-Understanding,Unclear,Anonymous,"Concept-Clarity,Confidence",UGC-polished,English,"Every time it was time for math homework, my daughter would get frustrated.",She showed me a math puzzle she solved on her own.,"Instead of memorising formulas, she finally started understanding the concepts.",High,No explicit CTA in script.,v3-influencer,2026-04-30
USA_FB_Leads_Conv_Influencer_LAL_Razorpay_Part1_Signup_LP_Postboost_Video_Ana_240426,Enrichment,Memorization-vs-Understanding,Free-Class,Anonymous,Topic-Algebra,UGC-polished,English,I started using Cuemath for high school prep. My tutor just doesn't give me formulas to memorize.,Do them a favor and book the free trial.,Visual simulations that make advanced algebra and geometry actually make sense.,High,,v3-influencer,2026-04-30
USA_FB_Leads_Conv_Influencer_LAL_Razorpay_Part1_Signup_LP_Postboost_Video_Anudeep_240426,Behavioral-Outcome,Top-Tutors,Try-Cuemath,Anonymous,"Concept-Clarity,Personalization-Gap",UGC-polished,English,"Wow, I never thought the maths would be this good.",There will be a free Cuemath trial class. Try it once.,Personalized online 1-1 classes with top Indian tutors.,High,,v3-influencer,2026-04-30
USA_FB_Leads_Conv_Influencer_LAL_Razorpay_Part1_Signup_LP_Postboost_Video_Jayashree_240426,Behavioral-Outcome,1-1-Personalization,Try-Cuemath,Anonymous,Engagement,UGC-polished,English,She actually gets excited to sit at her desk for her Cuemath class.,"If you want your child to enjoy math like this, you should try it.",Her tutor really understands her learning style and keeps math fun.,High,,v3-influencer,2026-04-30
USA_FB_Leads_Conv_Influencer_LAL_Razorpay_Part2_Signup_LP_Postboost_Video_Priyanka_D_240426,Behavioral-Outcome,1-1-Personalization,Free-Class,Anonymous,"Concept-Clarity,Confidence",UGC-polished,English,"Mama, if one apple costs $3, how much would seven apples cost? $21. So easy.",If you want to try out for a free Cuemath trial class.,"His tutor goes at his pace, makes sure he really understand math and focuses on reasoning.",High,,v3-influencer,2026-04-30
USA_FB_Leads_Conv_Influencer_LAL_Razorpay_Part3_Signup_LP_Postboost_Video_Seema_240426,Child-diagnosis,1-1-Personalization,Free-Class,Anonymous,"Confidence,Personalization-Gap",UGC-polished,English,Group classes with 20 to 30 kids did not give her the confidence to speak up.,Cuemath is offering one free one-on-one trial class.,"They make her think, explain her reasoning, and really understand the why.",High,,v3-influencer,2026-04-30
USA_FB_Leads_Conv_Influencer_LAL_Razorpay_Part4_Signup_LP_Postboost_Video_ARIGELA_KEERTHI_PRIYA_290426,Cultural,Cultural-Relatability,Try-Cuemath,Named-child,"Competition-Prep,Personalization-Gap",UGC-polished,English,As an NRI parent we always have the tension as to where to send for tuition specially for Math.,It is definitely worth it - please give it a try.,They also train for competitive exams like Math Kangaroo and AMC 8.,High,,v3-influencer,2026-04-30
USA_FB_Leads_Conv_Influencer_Postboost_Advantage_Parents_35_55_LeadGen_Part1_NA_Video_Sahar_060426,Child-diagnosis,MathFit,Free-Class,Anonymous,Concept-Clarity,UGC-polished,English,"He could sometimes get the right answer in math. But when I asked him how he solved it, he couldn't really explain it.",You can also try their free trial class.,"They call it becoming MathFit, developing real problem solving and reasoning skills.",High,Script says QMath but means Cuemath.,v3-influencer,2026-04-30
USA_FB_Leads_Conv_Influencer_Postboost_Advantage_Parents_35_55_LeadGen_Part1_NA_Video_Seema_060426,Child-diagnosis,1-1-Personalization,Free-Class,Anonymous,"Confidence,Personalization-Gap",UGC-polished,English,Group classes with 20 to 30 kids did not give her the confidence to speak up.,Cuemath is offering one free one-on-one trial class.,"They make her think, explain her reasoning, and really understand the why.",High,,v3-influencer,2026-04-30
USA_FB_Leads_Conv_Influencer_Postboost_Advantage_Parents_35_55_LeadGen_Part2_NA_Video_Abhilasha_060426,Behavioral-Outcome,1-1-Personalization,Free-Class,Anonymous,"Engagement,Concept-Clarity",UGC-polished,English,"I love a good mom hack, but this one actually changed our everyday routine.",Cuemath even offers a free trial.,He asks questions freely and gets instant feedback. Math time is no longer a struggle.,High,,v3-influencer,2026-04-30
USA_FB_Leads_Conv_Influencer_Postboost_Advantage_Parents_35_55_LeadGen_Part2_NA_Video_Jayashree_060426,Behavioral-Outcome,1-1-Personalization,Try-Cuemath,Anonymous,Engagement,UGC-polished,English,She actually gets excited to sit at her desk for her Cuemath class.,"If you want your child to enjoy math like this, you should try it.",Her tutor really understands her learning style and keeps math fun.,High,,v3-influencer,2026-04-30
USA_FB_Leads_Conv_Influencer_Postboost_Advantage_Parents_35_55_LeadGen_Part2_NA_Video_Jugnu_060426,Child-diagnosis,Memorization-vs-Understanding,Free-Class,Anonymous,"Concept-Clarity,Personalization-Gap",UGC-polished,English,We used to spend so much time on math homework that my daughter was often missing playtime.,"If you're curious, they offer a free trial class.",Their approach is not about memorizing formulas - it's really understanding the why behind math.,High,,v3-influencer,2026-04-30
USA_FB_Leads_Conv_Influencer_Postboost_Advantage_Parents_35_55_LeadGen_Part2_NA_Video_Suzy_060426,Child-diagnosis,Memorization-vs-Understanding,Unclear,Anonymous,"Concept-Clarity,Confidence",UGC-polished,English,"Every time it was time for math homework, my daughter would get frustrated.",She showed me a math puzzle she solved on her own.,"Instead of memorising formulas, she finally started understanding the concepts.",High,No explicit CTA in script.,v3-influencer,2026-04-30
USA_FB_Leads_Conv_Int_Influencer_PayU_NRI_Audience_LP_Signup_Signup_Video_Deepthi_230226,Behavioral-Outcome,1-1-Personalization,Free-Class,Anonymous,"Confidence,Personalization-Gap",UGC-polished,English,"Look, I solved this math puzzle all by myself and got the right answer.","If you want your child to have that one-on-one attention, book a free trial.",There is no pressure to keep up with the whole class.,High,,v3-influencer,2026-04-30
USA_FB_Leads_Conv_Int_Influencer_PayU_NRI_Audience_LP_Signup_Signup_Video_Shweta_Negi_230226,Behavioral-Outcome,1-1-Personalization,Try-Cuemath,Anonymous,Concept-Clarity,UGC-polished,English,He's been doing these Cuemath Classes. I love the fact that it's 1:1.,So if you want to see your... try this.,Concepts. He isn't just counting anymore.,High,,v3-influencer,2026-04-30
USA_FB_Leads_Conv_Int_Influencer_PayU_NRI_Audience_LP_Signup_Video_Anudeep_230226,Behavioral-Outcome,Top-Tutors,Try-Cuemath,Anonymous,"Concept-Clarity,Personalization-Gap",UGC-polished,English,"Wow, I never thought the maths would be this good.",There will be a free Cuemath trial class. Try it once.,Personalized online 1-1 classes with top Indian tutors.,High,,v3-influencer,2026-04-30
USA_FB_Leads_Conv_Int_Influencer_PayU_NRI_Audience_LP_Signup_Video_Keerthi_230226,Cultural,Cultural-Relatability,Try-Cuemath,Named-child,"Competition-Prep,Personalization-Gap",UGC-polished,English,As an NRI parent we always have the tension as to where to send for tuition specially for Math.,It is definitely worth it - please give it a try.,They also train for competitive exams like Math Kangaroo and AMC 8.,High,,v3-influencer,2026-04-30
USA_FB_Leads_Conv_Int_Influencer_PayU_New_Audience_LP_Signup_Signup_Video_Deepthi_230226,Behavioral-Outcome,1-1-Personalization,Free-Class,Anonymous,"Confidence,Personalization-Gap",UGC-polished,English,"Look, I solved this math puzzle all by myself and got the right answer.","If you want your child to have that one-on-one attention, book a free trial.",There is no pressure to keep up with the whole class.,High,,v3-influencer,2026-04-30
USA_FB_Leads_Conv_Int_Influencer_PayU_New_Audience_LP_Signup_Signup_Video_Shweta_Negi_230226,Behavioral-Outcome,1-1-Personalization,Try-Cuemath,Anonymous,Concept-Clarity,UGC-polished,English,He's been doing these Cuemath Classes. I love the fact that it's 1:1.,So if you want to see your... try this.,Concepts. He isn't just counting anymore.,High,,v3-influencer,2026-04-30
USA_FB_Leads_Conv_Int_Influencer_PayU_New_Audience_LP_Signup_Video_Anudeep_230226,Behavioral-Outcome,Top-Tutors,Try-Cuemath,Anonymous,"Concept-Clarity,Personalization-Gap",UGC-polished,English,"Wow, I never thought the maths would be this good.",There will be a free Cuemath trial class. Try it once.,Personalized online 1-1 classes with top Indian tutors.,High,,v3-influencer,2026-04-30
USA_FB_Leads_Conv_Int_Influencer_PayU_New_Audience_LP_Signup_Video_Keerthi_230226,Cultural,Cultural-Relatability,Try-Cuemath,Named-child,"Competition-Prep,Personalization-Gap",UGC-polished,English,As an NRI parent we always have the tension as to where to send for tuition specially for Math.,It is definitely worth it - please give it a try.,They also train for competitive exams like Math Kangaroo and AMC 8.,High,,v3-influencer,2026-04-30
USA_FB_Leads_Conv_Int_Influencer_PayU_New_Audience_LP_Signup_Video_Priyanshul-IG_250226,Cultural,1-1-Personalization,Free-Class,Named-child,Concept-Clarity,UGC-polished,Mixed,Chicago ka weather abhi kaafi unpredictable chal raha hai.,I'll share the free trial class link with you.,They focus on building concepts rather than rote learning.,High,Hinglish NRI dad-of-Govind frame.,v3-influencer,2026-04-30
USA_FB_Leads_Conv_Int_Influencer_Postboost_35-55_Advantage_ShortForm-LP_NA_Video_Priyanshul-2_060126,Cultural,1-1-Personalization,Free-Class,Named-child,Concept-Clarity,UGC-polished,Mixed,Chicago ka weather abhi kaafi unpredictable chal raha hai.,I'll share the free trial class link with you.,They focus on building concepts rather than rote learning.,High,Hinglish NRI dad-of-Govind frame.,v3-influencer,2026-04-30
USA_FB_Leads_Conv_Int_Influencer_Postboost_35-55_Advantage_ShortForm-LP_NA_Video_Priyanshul_060126,Cultural,1-1-Personalization,Free-Class,Named-child,Concept-Clarity,UGC-polished,Mixed,Chicago ka weather abhi kaafi unpredictable chal raha hai.,I'll share the free trial class link with you.,They focus on building concepts rather than rote learning.,High,Hinglish NRI dad-of-Govind frame.,v3-influencer,2026-04-30
USA_FB_Leads_Conv_Int_New_Influencer_Postboost_35-55_Advantage_ShortForm_LP_Signup_Video_Ana_150126,Enrichment,Memorization-vs-Understanding,Free-Class,Anonymous,Topic-Algebra,UGC-polished,English,I started using Cuemath for high school prep. My tutor just doesn't give me formulas to memorize.,Do them a favor and book the free trial.,Visual simulations that make advanced algebra and geometry actually make sense.,High,,v3-influencer,2026-04-30
USA_FB_Leads_Conv_Int_New_Influencer_Postboost_35-55_Advantage_ShortForm_LP_Signup_Video_Anudeep_180226,Behavioral-Outcome,Top-Tutors,Try-Cuemath,Anonymous,"Concept-Clarity,Personalization-Gap",UGC-polished,English,"Wow, I never thought the maths would be this good.",There will be a free Cuemath trial class. Try it once.,Personalized online 1-1 classes with top Indian tutors.,High,,v3-influencer,2026-04-30
USA_FB_Leads_Conv_Int_New_Influencer_Postboost_35-55_Advantage_ShortForm_LP_Signup_Video_Deepthi_180226,Behavioral-Outcome,1-1-Personalization,Free-Class,Anonymous,"Confidence,Personalization-Gap",UGC-polished,English,"Look, I solved this math puzzle all by myself and got the right answer.","If you want your child to have that one-on-one attention, book a free trial.",There is no pressure to keep up with the whole class.,High,,v3-influencer,2026-04-30
USA_FB_Leads_Conv_Int_New_Influencer_Postboost_35-55_Advantage_ShortForm_LP_Signup_Video_Heena_200126,Behavioral-Outcome,1-1-Personalization,Free-Class,Named-child,"Engagement,Concept-Clarity",UGC-polished,English,The math hack every mom needs to know - it changed how my daughter sees math.,Book a trial class.,We started with Cuemath for Aashna. They offer a personalized learning plan.,High,,v3-influencer,2026-04-30
USA_FB_Leads_Conv_Int_New_Influencer_Postboost_35-55_Advantage_ShortForm_LP_Signup_Video_Keerthi_050326,Cultural,Cultural-Relatability,Try-Cuemath,Named-child,"Competition-Prep,Personalization-Gap",UGC-polished,English,As an NRI parent we always have the tension as to where to send for tuition specially for Math.,It is definitely worth it - please give it a try.,They also train for competitive exams like Math Kangaroo and AMC 8.,High,,v3-influencer,2026-04-30
USA_FB_Leads_Conv_Int_New_Influencer_Postboost_35-55_Advantage_ShortForm_LP_Signup_Video_Keerthi_230126,Cultural,Cultural-Relatability,Try-Cuemath,Named-child,"Competition-Prep,Personalization-Gap",UGC-polished,English,As an NRI parent we always have the tension as to where to send for tuition specially for Math.,It is definitely worth it - please give it a try.,They also train for competitive exams like Math Kangaroo and AMC 8.,High,,v3-influencer,2026-04-30
USA_FB_Leads_Conv_Int_New_Influencer_Postboost_35-55_Advantage_ShortForm_LP_Signup_Video_Keerthi_310326,Cultural,Cultural-Relatability,Try-Cuemath,Named-child,"Competition-Prep,Personalization-Gap",UGC-polished,English,As an NRI parent we always have the tension as to where to send for tuition specially for Math.,It is definitely worth it - please give it a try.,They also train for competitive exams like Math Kangaroo and AMC 8.,High,,v3-influencer,2026-04-30
USA_FB_Leads_Conv_Int_New_Influencer_Postboost_35-55_Advantage_ShortForm_LP_Signup_Video_Priyanshul-IG-video_280126,Cultural,1-1-Personalization,Free-Class,Named-child,Concept-Clarity,UGC-polished,Mixed,Chicago ka weather abhi kaafi unpredictable chal raha hai.,I'll share the free trial class link with you.,They focus on building concepts rather than rote learning.,High,Hinglish NRI dad-of-Govind frame.,v3-influencer,2026-04-30
USA_FB_Leads_Conv_Int_New_Influencer_Postboost_35-55_Advantage_ShortForm_LP_Signup_Video_Priyanshul_YT_110326,Cultural,1-1-Personalization,Free-Class,Named-child,Concept-Clarity,UGC-polished,Mixed,Chicago ka weather abhi kaafi unpredictable chal raha hai.,I'll share the free trial class link with you.,They focus on building concepts rather than rote learning.,High,Hinglish NRI dad-of-Govind frame.,v3-influencer,2026-04-30
USA_FB_Leads_Conv_Int_New_Influencer_Postboost_35-55_Advantage_ShortForm_LP_Signup_Video_Shweta_Negi_180226,Behavioral-Outcome,1-1-Personalization,Try-Cuemath,Anonymous,Concept-Clarity,UGC-polished,English,He's been doing these Cuemath Classes. I love the fact that it's 1:1.,So if you want to see your... try this.,Concepts. He isn't just counting anymore.,High,,v3-influencer,2026-04-30
USA_FB_Leads_Conv_Int_Parents_Influencer_Postboost_35-55_ShortForm-LP_NA_Video_Priyanshul-2_050126,Cultural,1-1-Personalization,Free-Class,Named-child,Concept-Clarity,UGC-polished,Mixed,Chicago ka weather abhi kaafi unpredictable chal raha hai.,I'll share the free trial class link with you.,They focus on building concepts rather than rote learning.,High,Hinglish NRI dad-of-Govind frame.,v3-influencer,2026-04-30
USA_FB_Leads_Conv_Int_Parents_Influencer_Postboost_35-55_ShortForm-LP_NA_Video_Priyanshul_050126,Cultural,1-1-Personalization,Free-Class,Named-child,Concept-Clarity,UGC-polished,Mixed,Chicago ka weather abhi kaafi unpredictable chal raha hai.,I'll share the free trial class link with you.,They focus on building concepts rather than rote learning.,High,Hinglish NRI dad-of-Govind frame.,v3-influencer,2026-04-30
USA_FB_Leads_Conv_Int_Parents_Influencer_Postboost_35-55_ShortForm_Old-LP_Signup_Video_Ana_150126,Enrichment,Memorization-vs-Understanding,Free-Class,Anonymous,Topic-Algebra,UGC-polished,English,I started using Cuemath for high school prep. My tutor just doesn't give me formulas to memorize.,Do them a favor and book the free trial.,Visual simulations that make advanced algebra and geometry actually make sense.,High,,v3-influencer,2026-04-30
USA_FB_Leads_Conv_Int_Parents_Influencer_Postboost_35-55_ShortForm_Old-LP_Signup_Video_Anudeep_180226,Behavioral-Outcome,Top-Tutors,Try-Cuemath,Anonymous,"Concept-Clarity,Personalization-Gap",UGC-polished,English,"Wow, I never thought the maths would be this good.",There will be a free Cuemath trial class. Try it once.,Personalized online 1-1 classes with top Indian tutors.,High,,v3-influencer,2026-04-30
USA_FB_Leads_Conv_Int_Parents_Influencer_Postboost_35-55_ShortForm_Old-LP_Signup_Video_Deepthi_180226,Behavioral-Outcome,1-1-Personalization,Free-Class,Anonymous,"Confidence,Personalization-Gap",UGC-polished,English,"Look, I solved this math puzzle all by myself and got the right answer.","If you want your child to have that one-on-one attention, book a free trial.",There is no pressure to keep up with the whole class.,High,,v3-influencer,2026-04-30
USA_FB_Leads_Conv_Int_Parents_Influencer_Postboost_35-55_ShortForm_Old-LP_Signup_Video_Heena_200126,Behavioral-Outcome,1-1-Personalization,Free-Class,Named-child,"Engagement,Concept-Clarity",UGC-polished,English,The math hack every mom needs to know - it changed how my daughter sees math.,Book a trial class.,We started with Cuemath for Aashna. They offer a personalized learning plan.,High,,v3-influencer,2026-04-30
USA_FB_Leads_Conv_Int_Parents_Influencer_Postboost_35-55_ShortForm_Old-LP_Signup_Video_Jia_300126,Behavioral-Outcome,1-1-Personalization,Recommendation,Anonymous,"Engagement,Foundation",UGC-polished,English,I'm glad that my daughter is finally engaged with something productive.,I can't recommend this enough.,"They're building strong math foundation, playing fun math games.",High,,v3-influencer,2026-04-30
USA_FB_Leads_Conv_Int_Parents_Influencer_Postboost_35-55_ShortForm_Old-LP_Signup_Video_Keerthi_230126,Cultural,Cultural-Relatability,Try-Cuemath,Named-child,"Competition-Prep,Personalization-Gap",UGC-polished,English,As an NRI parent we always have the tension as to where to send for tuition specially for Math.,It is definitely worth it - please give it a try.,They also train for competitive exams like Math Kangaroo and AMC 8.,High,,v3-influencer,2026-04-30
USA_FB_Leads_Conv_Int_Parents_Influencer_Postboost_35-55_ShortForm_Old-LP_Signup_Video_Priyanshul-2_090126,Cultural,1-1-Personalization,Free-Class,Named-child,Concept-Clarity,UGC-polished,Mixed,Chicago ka weather abhi kaafi unpredictable chal raha hai.,I'll share the free trial class link with you.,They focus on building concepts rather than rote learning.,High,Hinglish NRI dad-of-Govind frame.,v3-influencer,2026-04-30
USA_FB_Leads_Conv_Int_Parents_Influencer_Postboost_35-55_ShortForm_Old-LP_Signup_Video_Priyanshul-IG-video_280126,Cultural,1-1-Personalization,Free-Class,Named-child,Concept-Clarity,UGC-polished,Mixed,Chicago ka weather abhi kaafi unpredictable chal raha hai.,I'll share the free trial class link with you.,They focus on building concepts rather than rote learning.,High,Hinglish NRI dad-of-Govind frame.,v3-influencer,2026-04-30
USA_FB_Leads_Conv_Int_Parents_Influencer_Postboost_35-55_ShortForm_Old-LP_Signup_Video_Priyanshul-IG_180226,Cultural,1-1-Personalization,Free-Class,Named-child,Concept-Clarity,UGC-polished,Mixed,Chicago ka weather abhi kaafi unpredictable chal raha hai.,I'll share the free trial class link with you.,They focus on building concepts rather than rote learning.,High,Hinglish NRI dad-of-Govind frame.,v3-influencer,2026-04-30
USA_FB_Leads_Conv_Int_Parents_Influencer_Postboost_35-55_ShortForm_Old-LP_Signup_Video_Priyanshul_090126,Cultural,1-1-Personalization,Free-Class,Named-child,Concept-Clarity,UGC-polished,Mixed,Chicago ka weather abhi kaafi unpredictable chal raha hai.,I'll share the free trial class link with you.,They focus on building concepts rather than rote learning.,High,Hinglish NRI dad-of-Govind frame.,v3-influencer,2026-04-30
USA_FB_Leads_Conv_Int_Parents_Influencer_Postboost_35-55_ShortForm_Old-LP_Signup_Video_Priyanshul_YT_110326,Cultural,1-1-Personalization,Free-Class,Named-child,Concept-Clarity,UGC-polished,Mixed,Chicago ka weather abhi kaafi unpredictable chal raha hai.,I'll share the free trial class link with you.,They focus on building concepts rather than rote learning.,High,Hinglish NRI dad-of-Govind frame.,v3-influencer,2026-04-30
USA_FB_Leads_Conv_Int_Parents_Influencer_Postboost_35-55_ShortForm_Old-LP_Signup_Video_Shweta_Negi_100226,Behavioral-Outcome,1-1-Personalization,Try-Cuemath,Anonymous,Concept-Clarity,UGC-polished,English,He's been doing these Cuemath Classes. I love the fact that it's 1:1.,So if you want to see your... try this.,Concepts. He isn't just counting anymore.,High,,v3-influencer,2026-04-30
USA_FB_Leads_Conv_Int_Parents_Influencer_Postboost_35-55_ShortForm_Old-LP_Signup_Video_Shweta_Negi_310326,Behavioral-Outcome,1-1-Personalization,Try-Cuemath,Anonymous,Concept-Clarity,UGC-polished,English,He's been doing these Cuemath Classes. I love the fact that it's 1:1.,So if you want to see your... try this.,Concepts. He isn't just counting anymore.,High,,v3-influencer,2026-04-30
USA_FB_Leads_Conv_LAL_Enrolled_Signup_Old-LP_35-55_Influencer_NA_Video_Heena_030226,Behavioral-Outcome,1-1-Personalization,Free-Class,Named-child,"Engagement,Concept-Clarity",UGC-polished,English,The math hack every mom needs to know - it changed how my daughter sees math.,Book a trial class.,We started with Cuemath for Aashna. They offer a personalized learning plan.,High,,v3-influencer,2026-04-30
USA_FB_Leads_Conv_LAL_Enrolled_Signup_Old-LP_35-55_Influencer_NA_Video_Keerthi_030226,Cultural,Cultural-Relatability,Try-Cuemath,Named-child,"Competition-Prep,Personalization-Gap",UGC-polished,English,As an NRI parent we always have the tension as to where to send for tuition specially for Math.,It is definitely worth it - please give it a try.,They also train for competitive exams like Math Kangaroo and AMC 8.,High,,v3-influencer,2026-04-30
USA_FB_Leads_Conv_LAL_Enrolled_Signup_Old-LP_35-55_Influencer_NA_Video_Priyanshul_IG_video_290126,Cultural,1-1-Personalization,Free-Class,Named-child,Concept-Clarity,UGC-polished,Mixed,Chicago ka weather abhi kaafi unpredictable chal raha hai.,I'll share the free trial class link with you.,They focus on building concepts rather than rote learning.,High,Hinglish NRI dad-of-Govind frame.,v3-influencer,2026-04-30
USA_FB_Leads_Conv_PayU_LAL_New_Audience_Signup_New_BAU_NRI_LP_Influencer_Perf_Edit_2_NA_Video_Influencers_Nidhi_150426,Anxiety,Memorization-vs-Understanding,Free-Class,Anonymous,"Foundation,Confidence",UGC-polished,English,This year he will either love math or totally hate it. I wasn't ready to leave it to luck.,Book a free Cuemath trial class today.,Visual tools and logic games that turn abstract concepts into something real.,High,,v3-influencer,2026-04-30
USA_FB_Leads_Conv_PayU_LAL_New_Audience_Signup_New_BAU_NRI_LP_Influencer_Perf_Edit_2_NA_Video_Influencers_Priyanshul_150426,Cultural,1-1-Personalization,Free-Class,Named-child,Concept-Clarity,UGC-polished,Mixed,Chicago ka weather abhi kaafi unpredictable chal raha hai.,I'll share the free trial class link with you.,They focus on building concepts rather than rote learning.,High,Hinglish NRI dad-of-Govind frame.,v3-influencer,2026-04-30
USA_FB_Leads_Conv_PayU_LAL_New_Audience_Signup_New_BAU_NRI_LP_Influencer_Perf_Edit_2_NA_Video_Influencers_Sayani_150426,Enrichment,1-1-Personalization,Try-Cuemath,Anonymous,"Foundation,Engagement",UGC-polished,English,She's good with numbers - but I think she has more potential.,"If you have a young kid, this approach is worth checking out.",Not memorising numbers - but understanding what numbers mean and how they work.,High,,v3-influencer,2026-04-30
USA_FB_Leads_Conv_PayU_LAL_New_Audience_Signup_New_BAU_NRI_LP_Influencer_Perf_Edit_2_NA_Video_Perf_Influencer_Jia_US_250326,Behavioral-Outcome,1-1-Personalization,Recommendation,Anonymous,"Engagement,Foundation",UGC-polished,English,I'm glad that my daughter is finally engaged with something productive.,I can't recommend this enough.,"They're building strong math foundation, playing fun math games.",High,,v3-influencer,2026-04-30
USA_FB_Leads_Conv_PayU_LAL_New_Audience_Signup_New_BAU_NRI_LP_Influencer_Perf_Edit_2_NA_Video_Perf_Telegu_Influencer_Anudeep_US_250326,Behavioral-Outcome,Top-Tutors,Try-Cuemath,Anonymous,"Concept-Clarity,Personalization-Gap",UGC-polished,Telugu,"Wow, I never thought the maths would be this good.",There will be a free Cuemath trial class. Try it once.,Personalized online 1-1 classes with top Indian tutors.,High,,v3-influencer,2026-04-30
USA_FB_Leads_Conv_PayU_LAL_New_Audience_Signup_New_BAU_NRI_LP_Influencer_Perf_Edit_3_NA_Video_Influencers_Abhilasha_160426,Behavioral-Outcome,1-1-Personalization,Free-Class,Anonymous,"Engagement,Concept-Clarity",UGC-polished,English,"I love a good mom hack, but this one actually changed our everyday routine.",Cuemath even offers a free trial.,He asks questions freely and gets instant feedback. Math time is no longer a struggle.,High,,v3-influencer,2026-04-30
USA_FB_Leads_Conv_PayU_LAL_New_Audience_Signup_New_BAU_NRI_LP_Influencer_Perf_Edit_3_NA_Video_Influencers_Ana_160426,Enrichment,Memorization-vs-Understanding,Free-Class,Anonymous,Topic-Algebra,UGC-polished,English,I started using Cuemath for high school prep. My tutor just doesn't give me formulas to memorize.,Do them a favor and book the free trial.,Visual simulations that make advanced algebra and geometry actually make sense.,High,,v3-influencer,2026-04-30
USA_FB_Leads_Conv_PayU_LAL_New_Audience_Signup_New_BAU_NRI_LP_Influencer_Perf_Edit_3_NA_Video_Influencers_Jayashree_160426,Behavioral-Outcome,1-1-Personalization,Try-Cuemath,Anonymous,Engagement,UGC-polished,English,She actually gets excited to sit at her desk for her Cuemath class.,"If you want your child to enjoy math like this, you should try it.",Her tutor really understands her learning style and keeps math fun.,High,,v3-influencer,2026-04-30
USA_FB_Leads_Conv_PayU_LAL_New_Audience_Signup_New_BAU_NRI_LP_Influencer_Perf_Edit_3_NA_Video_Influencers_Nidhi_160426,Anxiety,Memorization-vs-Understanding,Free-Class,Anonymous,"Foundation,Confidence",UGC-polished,English,This year he will either love math or totally hate it. I wasn't ready to leave it to luck.,Book a free Cuemath trial class today.,Visual tools and logic games that turn abstract concepts into something real.,High,,v3-influencer,2026-04-30
USA_FB_Leads_Conv_PayU_LAL_New_Audience_Signup_New_BAU_NRI_LP_Influencer_Perf_Edit_3_NA_Video_Influencers_Shubhi_160426,Behavioral-Outcome,Memorization-vs-Understanding,Free-Class,Named-child,"Confidence,Concept-Clarity",UGC-polished,English,My niece used to hate math - but now she teaches me math.,Free trial classes.,"Her tutor focuses on concept first, not speed.",High,Niece Nitya named.,v3-influencer,2026-04-30
USA_FB_Leads_Conv_PayU_LAL_New_Audience_Signup_New_BAU_NRI_LP_Influencer_Perf_Edit_NA_Video_Influencer_Perf_Edit_Shweta_Negi_250326,Behavioral-Outcome,1-1-Personalization,Try-Cuemath,Anonymous,Concept-Clarity,UGC-polished,English,He's been doing these Cuemath Classes. I love the fact that it's 1:1.,So if you want to see your... try this.,Concepts. He isn't just counting anymore.,High,,v3-influencer,2026-04-30
USA_FB_Leads_Conv_PayU_LAL_New_Audience_Signup_New_BAU_NRI_LP_Influencer_Perf_Edit_NA_Video_Influencer_Perf_Twitter_Edit_Heena_250326,Behavioral-Outcome,1-1-Personalization,Free-Class,Named-child,"Engagement,Concept-Clarity",UGC-polished,English,The math hack every mom needs to know - it changed how my daughter sees math.,Book a trial class.,We started with Cuemath for Aashna. They offer a personalized learning plan.,High,,v3-influencer,2026-04-30
USA_FB_Leads_Conv_PayU_LAL_New_Audience_Signup_New_BAU_NRI_LP_Influencer_Perf_Edit_NA_Video_Perf_Influencer_Deepthi_US_250326,Behavioral-Outcome,1-1-Personalization,Free-Class,Anonymous,"Confidence,Personalization-Gap",UGC-polished,English,"Look, I solved this math puzzle all by myself and got the right answer.","If you want your child to have that one-on-one attention, book a free trial.",There is no pressure to keep up with the whole class.,High,,v3-influencer,2026-04-30
USA_FB_Leads_Conv_PayU_LAL_New_Audience_Signup_New_BAU_NRI_LP_Influencer_Perf_Edit_NA_Video_Perf_Telegu_Influencer_Keerthi_US_250326,Cultural,Cultural-Relatability,Try-Cuemath,Named-child,"Competition-Prep,Personalization-Gap",UGC-polished,Telugu,As an NRI parent we always have the tension as to where to send for tuition specially for Math.,It is definitely worth it - please give it a try.,They also train for competitive exams like Math Kangaroo and AMC 8.,High,,v3-influencer,2026-04-30
USA_FB_Leads_Conv_PayU_LAL_New_Audience_Signup_New_BAU_NRI_LP_Influencer_Postboost_VideoJayashree_250426,Behavioral-Outcome,1-1-Personalization,Try-Cuemath,Anonymous,Engagement,UGC-polished,English,She actually gets excited to sit at her desk for her Cuemath class.,"If you want your child to enjoy math like this, you should try it.",Her tutor really understands her learning style and keeps math fun.,High,,v3-influencer,2026-04-30
USA_FB_Leads_Conv_PayU_LAL_New_Audience_Signup_New_BAU_NRI_LP_Influencer_Postboost_Video_Ana_250426,Enrichment,Memorization-vs-Understanding,Free-Class,Anonymous,Topic-Algebra,UGC-polished,English,I started using Cuemath for high school prep. My tutor just doesn't give me formulas to memorize.,Do them a favor and book the free trial.,Visual simulations that make advanced algebra and geometry actually make sense.,High,,v3-influencer,2026-04-30
USA_FB_Leads_Conv_PayU_LAL_New_Audience_Signup_New_BAU_NRI_LP_Influencer_Postboost_Video_Anudeep_250426,Behavioral-Outcome,Top-Tutors,Try-Cuemath,Anonymous,"Concept-Clarity,Personalization-Gap",UGC-polished,English,"Wow, I never thought the maths would be this good.",There will be a free Cuemath trial class. Try it once.,Personalized online 1-1 classes with top Indian tutors.,High,,v3-influencer,2026-04-30
USA_FB_Leads_Conv_PayU_LAL_New_Audience_Signup_New_BAU_NRI_LP_Influencer_Postboost_Video_Priyanka_D_250426,Behavioral-Outcome,1-1-Personalization,Free-Class,Anonymous,"Concept-Clarity,Confidence",UGC-polished,English,"Mama, if one apple costs $3, how much would seven apples cost? $21. So easy.",If you want to try out for a free Cuemath trial class.,"His tutor goes at his pace, makes sure he really understand math and focuses on reasoning.",High,,v3-influencer,2026-04-30
USA_FB_Leads_Conv_PayU_LAL_New_Audience_Signup_New_BAU_NRI_LP_Influencer_Postboost_Video_Seema_250426,Child-diagnosis,1-1-Personalization,Free-Class,Anonymous,"Confidence,Personalization-Gap",UGC-polished,English,Group classes with 20 to 30 kids did not give her the confidence to speak up.,Cuemath is offering one free one-on-one trial class.,"They make her think, explain her reasoning, and really understand the why.",High,,v3-influencer,2026-04-30
USA_FB_Leads_Conv_PayU_NRI_Audience_Signup_LP_Influencer_Perf_Edit_2_NA_Video_Influencers_Nidhi_150426,Anxiety,Memorization-vs-Understanding,Free-Class,Anonymous,"Foundation,Confidence",UGC-polished,English,This year he will either love math or totally hate it. I wasn't ready to leave it to luck.,Book a free Cuemath trial class today.,Visual tools and logic games that turn abstract concepts into something real.,High,,v3-influencer,2026-04-30
USA_FB_Leads_Conv_PayU_NRI_Audience_Signup_LP_Influencer_Perf_Edit_2_NA_Video_Influencers_Priyanshul_150426,Cultural,1-1-Personalization,Free-Class,Named-child,Concept-Clarity,UGC-polished,Mixed,Chicago ka weather abhi kaafi unpredictable chal raha hai.,I'll share the free trial class link with you.,They focus on building concepts rather than rote learning.,High,Hinglish NRI dad-of-Govind frame.,v3-influencer,2026-04-30
USA_FB_Leads_Conv_PayU_NRI_Audience_Signup_LP_Influencer_Perf_Edit_2_NA_Video_Influencers_Sayani_150426,Enrichment,1-1-Personalization,Try-Cuemath,Anonymous,"Foundation,Engagement",UGC-polished,English,She's good with numbers - but I think she has more potential.,"If you have a young kid, this approach is worth checking out.",Not memorising numbers - but understanding what numbers mean and how they work.,High,,v3-influencer,2026-04-30
USA_FB_Leads_Conv_PayU_NRI_Audience_Signup_LP_Influencer_Perf_Edit_3_NA_Video_Influencers_Abhilasha_160426,Behavioral-Outcome,1-1-Personalization,Free-Class,Anonymous,"Engagement,Concept-Clarity",UGC-polished,English,"I love a good mom hack, but this one actually changed our everyday routine.",Cuemath even offers a free trial.,He asks questions freely and gets instant feedback. Math time is no longer a struggle.,High,,v3-influencer,2026-04-30
USA_FB_Leads_Conv_PayU_NRI_Audience_Signup_LP_Influencer_Perf_Edit_3_NA_Video_Influencers_Ana_160426,Enrichment,Memorization-vs-Understanding,Free-Class,Anonymous,Topic-Algebra,UGC-polished,English,I started using Cuemath for high school prep. My tutor just doesn't give me formulas to memorize.,Do them a favor and book the free trial.,Visual simulations that make advanced algebra and geometry actually make sense.,High,,v3-influencer,2026-04-30
USA_FB_Leads_Conv_PayU_NRI_Audience_Signup_LP_Influencer_Perf_Edit_3_NA_Video_Influencers_Jayashree_160426,Behavioral-Outcome,1-1-Personalization,Try-Cuemath,Anonymous,Engagement,UGC-polished,English,She actually gets excited to sit at her desk for her Cuemath class.,"If you want your child to enjoy math like this, you should try it.",Her tutor really understands her learning style and keeps math fun.,High,,v3-influencer,2026-04-30
USA_FB_Leads_Conv_PayU_NRI_Audience_Signup_LP_Influencer_Perf_Edit_3_NA_Video_Influencers_Nidhi_160426,Anxiety,Memorization-vs-Understanding,Free-Class,Anonymous,"Foundation,Confidence",UGC-polished,English,This year he will either love math or totally hate it. I wasn't ready to leave it to luck.,Book a free Cuemath trial class today.,Visual tools and logic games that turn abstract concepts into something real.,High,,v3-influencer,2026-04-30
USA_FB_Leads_Conv_PayU_NRI_Audience_Signup_LP_Influencer_Perf_Edit_3_NA_Video_Influencers_Shubhi_160426,Behavioral-Outcome,Memorization-vs-Understanding,Free-Class,Named-child,"Confidence,Concept-Clarity",UGC-polished,English,My niece used to hate math - but now she teaches me math.,Free trial classes.,"Her tutor focuses on concept first, not speed.",High,Niece Nitya named.,v3-influencer,2026-04-30
USA_FB_Leads_Conv_PayU_NRI_Audience_Signup_LP_Influencer_Perf_Edit_NA_Video_Influencer_Perf_Edit_Shweta_Negi_250326,Behavioral-Outcome,1-1-Personalization,Try-Cuemath,Anonymous,Concept-Clarity,UGC-polished,English,He's been doing these Cuemath Classes. I love the fact that it's 1:1.,So if you want to see your... try this.,Concepts. He isn't just counting anymore.,High,,v3-influencer,2026-04-30
USA_FB_Leads_Conv_PayU_NRI_Audience_Signup_LP_Influencer_Perf_Edit_NA_Video_Influencer_Perf_Twitter_Edit_Heena_090426,Behavioral-Outcome,1-1-Personalization,Free-Class,Named-child,"Engagement,Concept-Clarity",UGC-polished,English,The math hack every mom needs to know - it changed how my daughter sees math.,Book a trial class.,We started with Cuemath for Aashna. They offer a personalized learning plan.,High,,v3-influencer,2026-04-30
USA_FB_Leads_Conv_PayU_NRI_Audience_Signup_LP_Influencer_Perf_Edit_NA_Video_Influencer_Perf_Twitter_Edit_Heena_110426,Behavioral-Outcome,1-1-Personalization,Free-Class,Named-child,"Engagement,Concept-Clarity",UGC-polished,English,The math hack every mom needs to know - it changed how my daughter sees math.,Book a trial class.,We started with Cuemath for Aashna. They offer a personalized learning plan.,High,,v3-influencer,2026-04-30
USA_FB_Leads_Conv_PayU_NRI_Audience_Signup_LP_Influencer_Perf_Edit_NA_Video_Influencer_Perf_Twitter_Edit_Heena_250326,Behavioral-Outcome,1-1-Personalization,Free-Class,Named-child,"Engagement,Concept-Clarity",UGC-polished,English,The math hack every mom needs to know - it changed how my daughter sees math.,Book a trial class.,We started with Cuemath for Aashna. They offer a personalized learning plan.,High,,v3-influencer,2026-04-30
USA_FB_Leads_Conv_PayU_NRI_Audience_Signup_LP_Influencer_Perf_Edit_NA_Video_Perf_Influencer_Deepthi_US_090426,Behavioral-Outcome,1-1-Personalization,Free-Class,Anonymous,"Confidence,Personalization-Gap",UGC-polished,English,"Look, I solved this math puzzle all by myself and got the right answer.","If you want your child to have that one-on-one attention, book a free trial.",There is no pressure to keep up with the whole class.,High,,v3-influencer,2026-04-30
USA_FB_Leads_Conv_PayU_NRI_Audience_Signup_LP_Influencer_Perf_Edit_NA_Video_Perf_Influencer_Deepthi_US_110426,Behavioral-Outcome,1-1-Personalization,Free-Class,Anonymous,"Confidence,Personalization-Gap",UGC-polished,English,"Look, I solved this math puzzle all by myself and got the right answer.","If you want your child to have that one-on-one attention, book a free trial.",There is no pressure to keep up with the whole class.,High,,v3-influencer,2026-04-30
USA_FB_Leads_Conv_PayU_NRI_Audience_Signup_LP_Influencer_Perf_Edit_NA_Video_Perf_Influencer_Deepthi_US_250326,Behavioral-Outcome,1-1-Personalization,Free-Class,Anonymous,"Confidence,Personalization-Gap",UGC-polished,English,"Look, I solved this math puzzle all by myself and got the right answer.","If you want your child to have that one-on-one attention, book a free trial.",There is no pressure to keep up with the whole class.,High,,v3-influencer,2026-04-30
USA_FB_Leads_Conv_PayU_NRI_Audience_Signup_LP_Influencer_Perf_Edit_NA_Video_Perf_Influencer_Jia_US_090426,Behavioral-Outcome,1-1-Personalization,Recommendation,Anonymous,"Engagement,Foundation",UGC-polished,English,I'm glad that my daughter is finally engaged with something productive.,I can't recommend this enough.,"They're building strong math foundation, playing fun math games.",High,,v3-influencer,2026-04-30
USA_FB_Leads_Conv_PayU_NRI_Audience_Signup_LP_Influencer_Perf_Edit_NA_Video_Perf_Influencer_Jia_US_110426,Behavioral-Outcome,1-1-Personalization,Recommendation,Anonymous,"Engagement,Foundation",UGC-polished,English,I'm glad that my daughter is finally engaged with something productive.,I can't recommend this enough.,"They're building strong math foundation, playing fun math games.",High,,v3-influencer,2026-04-30
USA_FB_Leads_Conv_PayU_NRI_Audience_Signup_LP_Influencer_Perf_Edit_NA_Video_Perf_Influencer_Jia_US_250326,Behavioral-Outcome,1-1-Personalization,Recommendation,Anonymous,"Engagement,Foundation",UGC-polished,English,I'm glad that my daughter is finally engaged with something productive.,I can't recommend this enough.,"They're building strong math foundation, playing fun math games.",High,,v3-influencer,2026-04-30
USA_FB_Leads_Conv_PayU_NRI_Audience_Signup_LP_Influencer_Perf_Edit_NA_Video_Perf_Telegu_Influencer_Anudeep_US_250326,Behavioral-Outcome,Top-Tutors,Try-Cuemath,Anonymous,"Concept-Clarity,Personalization-Gap",UGC-polished,Telugu,"Wow, I never thought the maths would be this good.",There will be a free Cuemath trial class. Try it once.,Personalized online 1-1 classes with top Indian tutors.,High,,v3-influencer,2026-04-30
USA_FB_Leads_Conv_PayU_NRI_Audience_Signup_LP_Influencer_Perf_Edit_NA_Video_Perf_Telegu_Influencer_Keerthi_US_250326,Cultural,Cultural-Relatability,Try-Cuemath,Named-child,"Competition-Prep,Personalization-Gap",UGC-polished,Telugu,As an NRI parent we always have the tension as to where to send for tuition specially for Math.,It is definitely worth it - please give it a try.,They also train for competitive exams like Math Kangaroo and AMC 8.,High,,v3-influencer,2026-04-30
USA_FB_Leads_Conv_PayU_NRI_Audience_Signup_LP_PLA_Influencer_Perf_Edit_2_NA_Video_Influencers_Nidhi_150426,Anxiety,Memorization-vs-Understanding,Free-Class,Anonymous,"Foundation,Confidence",UGC-polished,English,This year he will either love math or totally hate it. I wasn't ready to leave it to luck.,Book a free Cuemath trial class today.,Visual tools and logic games that turn abstract concepts into something real.,High,,v3-influencer,2026-04-30
USA_FB_Leads_Conv_PayU_NRI_Audience_Signup_LP_PLA_Influencer_Perf_Edit_2_NA_Video_Influencers_Priyanshul_150426,Cultural,1-1-Personalization,Free-Class,Named-child,Concept-Clarity,UGC-polished,Mixed,Chicago ka weather abhi kaafi unpredictable chal raha hai.,I'll share the free trial class link with you.,They focus on building concepts rather than rote learning.,High,Hinglish NRI dad-of-Govind frame.,v3-influencer,2026-04-30
USA_FB_Leads_Conv_PayU_NRI_Audience_Signup_LP_PLA_Influencer_Perf_Edit_2_NA_Video_Influencers_Sayani_150426,Enrichment,1-1-Personalization,Try-Cuemath,Anonymous,"Foundation,Engagement",UGC-polished,English,She's good with numbers - but I think she has more potential.,"If you have a young kid, this approach is worth checking out.",Not memorising numbers - but understanding what numbers mean and how they work.,High,,v3-influencer,2026-04-30
USA_FB_Leads_Conv_PayU_NRI_Audience_Signup_LP_PLA_Influencer_Perf_Edit_3_NA_Video_Influencers_Abhilasha_160426,Behavioral-Outcome,1-1-Personalization,Free-Class,Anonymous,"Engagement,Concept-Clarity",UGC-polished,English,"I love a good mom hack, but this one actually changed our everyday routine.",Cuemath even offers a free trial.,He asks questions freely and gets instant feedback. Math time is no longer a struggle.,High,,v3-influencer,2026-04-30
USA_FB_Leads_Conv_PayU_NRI_Audience_Signup_LP_PLA_Influencer_Perf_Edit_3_NA_Video_Influencers_Ana_160426,Enrichment,Memorization-vs-Understanding,Free-Class,Anonymous,Topic-Algebra,UGC-polished,English,I started using Cuemath for high school prep. My tutor just doesn't give me formulas to memorize.,Do them a favor and book the free trial.,Visual simulations that make advanced algebra and geometry actually make sense.,High,,v3-influencer,2026-04-30
USA_FB_Leads_Conv_PayU_NRI_Audience_Signup_LP_PLA_Influencer_Perf_Edit_3_NA_Video_Influencers_Jayashree_160426,Behavioral-Outcome,1-1-Personalization,Try-Cuemath,Anonymous,Engagement,UGC-polished,English,She actually gets excited to sit at her desk for her Cuemath class.,"If you want your child to enjoy math like this, you should try it.",Her tutor really understands her learning style and keeps math fun.,High,,v3-influencer,2026-04-30
USA_FB_Leads_Conv_PayU_NRI_Audience_Signup_LP_PLA_Influencer_Perf_Edit_3_NA_Video_Influencers_Nidhi_160426,Anxiety,Memorization-vs-Understanding,Free-Class,Anonymous,"Foundation,Confidence",UGC-polished,English,This year he will either love math or totally hate it. I wasn't ready to leave it to luck.,Book a free Cuemath trial class today.,Visual tools and logic games that turn abstract concepts into something real.,High,,v3-influencer,2026-04-30
USA_FB_Leads_Conv_PayU_NRI_Audience_Signup_LP_PLA_Influencer_Perf_Edit_3_NA_Video_Influencers_Shubhi_160426,Behavioral-Outcome,Memorization-vs-Understanding,Free-Class,Named-child,"Confidence,Concept-Clarity",UGC-polished,English,My niece used to hate math - but now she teaches me math.,Free trial classes.,"Her tutor focuses on concept first, not speed.",High,Niece Nitya named.,v3-influencer,2026-04-30
USA_FB_Leads_Conv_PayU_NRI_Audience_Signup_LP_PLA_Influencer_Perf_Edit_NA_Video_Influencer_Perf_Edit_Shweta_Negi_150426,Behavioral-Outcome,1-1-Personalization,Try-Cuemath,Anonymous,Concept-Clarity,UGC-polished,English,He's been doing these Cuemath Classes. I love the fact that it's 1:1.,So if you want to see your... try this.,Concepts. He isn't just counting anymore.,High,,v3-influencer,2026-04-30
USA_FB_Leads_Conv_PayU_NRI_Audience_Signup_LP_PLA_Influencer_Perf_Edit_NA_Video_Influencer_Perf_Twitter_Edit_Heena_150426,Behavioral-Outcome,1-1-Personalization,Free-Class,Named-child,"Engagement,Concept-Clarity",UGC-polished,English,The math hack every mom needs to know - it changed how my daughter sees math.,Book a trial class.,We started with Cuemath for Aashna. They offer a personalized learning plan.,High,,v3-influencer,2026-04-30
USA_FB_Leads_Conv_PayU_NRI_Audience_Signup_LP_PLA_Influencer_Perf_Edit_NA_Video_Perf_Influencer_Deepthi_US_150426,Behavioral-Outcome,1-1-Personalization,Free-Class,Anonymous,"Confidence,Personalization-Gap",UGC-polished,English,"Look, I solved this math puzzle all by myself and got the right answer.","If you want your child to have that one-on-one attention, book a free trial.",There is no pressure to keep up with the whole class.,High,,v3-influencer,2026-04-30
USA_FB_Leads_Conv_PayU_NRI_Audience_Signup_LP_PLA_Influencer_Perf_Edit_NA_Video_Perf_Telegu_Influencer_Keerthi_US_150426,Cultural,Cultural-Relatability,Try-Cuemath,Named-child,"Competition-Prep,Personalization-Gap",UGC-polished,Telugu,As an NRI parent we always have the tension as to where to send for tuition specially for Math.,It is definitely worth it - please give it a try.,They also train for competitive exams like Math Kangaroo and AMC 8.,High,,v3-influencer,2026-04-30
USA_FB_Leads_Conv_PayU_NRI_Audience_Signup_Old-LP_35-55_Influencer_Videos_NA_Video_Keerthi_250326,Cultural,Cultural-Relatability,Try-Cuemath,Named-child,"Competition-Prep,Personalization-Gap",UGC-polished,English,As an NRI parent we always have the tension as to where to send for tuition specially for Math.,It is definitely worth it - please give it a try.,They also train for competitive exams like Math Kangaroo and AMC 8.,High,,v3-influencer,2026-04-30
USA_FB_Leads_Conv_PayU_NRI_Audience_Signup_Old-LP_35-55_Influencer_Videos_NA_Video_Priyanshul_250326,Cultural,1-1-Personalization,Free-Class,Named-child,Concept-Clarity,UGC-polished,Mixed,Chicago ka weather abhi kaafi unpredictable chal raha hai.,I'll share the free trial class link with you.,They focus on building concepts rather than rote learning.,High,Hinglish NRI dad-of-Govind frame.,v3-influencer,2026-04-30
USA_FB_Leads_Conv_PayU_NRI_Audience_Signup_Old-LP_35-55_Influencer_Videos_NA_Video_Video_Shalini_Inhouse_Edit_250326,Academic-Outcome,Memorization-vs-Understanding,Try-Cuemath,Anonymous,"Confidence,Concept-Clarity",UGC-polished,English,"Mama, I got 100 on my math test.",Cuemath is definitely worth trying.,They focus on understanding concepts instead of memorizing formulas.,High,,v3-influencer,2026-04-30
USA_FB_Leads_Conv_PayU_NRI_Audience_Signup_Old-LP_35-55_Influencer_Videos_NA_Video_Video_Shweta_Negi_250326,Behavioral-Outcome,1-1-Personalization,Try-Cuemath,Anonymous,Concept-Clarity,UGC-polished,English,He's been doing these Cuemath Classes. I love the fact that it's 1:1.,So if you want to see your... try this.,Concepts. He isn't just counting anymore.,High,,v3-influencer,2026-04-30
USA_FB_Leads_Conv_Telugu_Advantage_Audience_Signup_LP_NA_Video_Telugu_Testimonial_Deepthi_260326,Behavioral-Outcome,1-1-Personalization,Free-Class,Anonymous,"Confidence,Personalization-Gap",UGC-polished,Telugu,"Look, I solved this math puzzle all by myself and got the right answer.","If you want your child to have that one-on-one attention, book a free trial.",There is no pressure to keep up with the whole class.,High,,v3-influencer,2026-04-30
USA_FB_Leads_Conv_Telugu_Expats_35-55_LeadGen_NA_Video_Perf_Telegu_Influencer_Anudeep_US_200426,Behavioral-Outcome,Top-Tutors,Try-Cuemath,Anonymous,"Concept-Clarity,Personalization-Gap",UGC-polished,Telugu,"Wow, I never thought the maths would be this good.",There will be a free Cuemath trial class. Try it once.,Personalized online 1-1 classes with top Indian tutors.,High,,v3-influencer,2026-04-30
USA_FB_Leads_Conv_Telugu_Expats_35-55_LeadGen_NA_Video_Perf_Telegu_Influencer_Keerthi_US_200426,Cultural,Cultural-Relatability,Try-Cuemath,Named-child,"Competition-Prep,Personalization-Gap",UGC-polished,Telugu,As an NRI parent we always have the tension as to where to send for tuition specially for Math.,It is definitely worth it - please give it a try.,They also train for competitive exams like Math Kangaroo and AMC 8.,High,,v3-influencer,2026-04-30
USA_FB_Leads_Conv_Telugu_Expats_NRI_Audience_Signup_LP_NA_Video_Telugu_Testimonial_Deepthi_260326,Behavioral-Outcome,1-1-Personalization,Free-Class,Anonymous,"Confidence,Personalization-Gap",UGC-polished,Telugu,"Look, I solved this math puzzle all by myself and got the right answer.","If you want your child to have that one-on-one attention, book a free trial.",There is no pressure to keep up with the whole class.,High,,v3-influencer,2026-04-30
USA_FB_Leads_Conv_Telugu_Language_Hard_Targeting_35-55_LeadGen_NA_Video_Perf_Telegu_Influencer_Anudeep_US_200426,Behavioral-Outcome,Top-Tutors,Try-Cuemath,Anonymous,"Concept-Clarity,Personalization-Gap",UGC-polished,Telugu,"Wow, I never thought the maths would be this good.",There will be a free Cuemath trial class. Try it once.,Personalized online 1-1 classes with top Indian tutors.,High,,v3-influencer,2026-04-30
USA_FB_Leads_Conv_Telugu_Language_Hard_Targeting_35-55_LeadGen_NA_Video_Perf_Telegu_Influencer_Keerthi_US_200426,Cultural,Cultural-Relatability,Try-Cuemath,Named-child,"Competition-Prep,Personalization-Gap",UGC-polished,Telugu,As an NRI parent we always have the tension as to where to send for tuition specially for Math.,It is definitely worth it - please give it a try.,They also train for competitive exams like Math Kangaroo and AMC 8.,High,,v3-influencer,2026-04-30
USA_PFX_FB_Leads-Conv_NA_Int-Expats-Gujarati_LeadGen_NA_Video_Gujarati-Testimonial-Nidhi-Shah-021225,Anxiety,Memorization-vs-Understanding,Free-Class,Anonymous,"Foundation,Confidence",UGC-polished,Gujarati,This year he will either love math or totally hate it. I wasn't ready to leave it to luck.,Book a free Cuemath trial class today.,Visual tools and logic games that turn abstract concepts into something real.,High,,v3-influencer,2026-04-30
USA_PFX_FB_Leads-Conv_NA_Int-Expats-Telugu_LeadGen_NA_Video_Testimonial-Deepthi-31s-Telugu_111125,Behavioral-Outcome,1-1-Personalization,Free-Class,Anonymous,"Confidence,Personalization-Gap",UGC-polished,Telugu,"Look, I solved this math puzzle all by myself and got the right answer.","If you want your child to have that one-on-one attention, book a free trial.",There is no pressure to keep up with the whole class.,High,,v3-influencer,2026-04-30
USA_PFX_FB_Leads-Conv_NA_Int_Influencer-Postboost_ShortForm-LP_NA_Video_Priyanshul_250925,Cultural,1-1-Personalization,Free-Class,Named-child,Concept-Clarity,UGC-polished,Mixed,Chicago ka weather abhi kaafi unpredictable chal raha hai.,I'll share the free trial class link with you.,They focus on building concepts rather than rote learning.,High,Hinglish NRI dad-of-Govind frame.,v3-influencer,2026-04-30
USA_PFX_FB_Leads-Conv_NA_Int_Influencer-_ShortForm-LP_NA_Video_Priyanshul-2_031125,Cultural,1-1-Personalization,Free-Class,Named-child,Concept-Clarity,UGC-polished,Mixed,Chicago ka weather abhi kaafi unpredictable chal raha hai.,I'll share the free trial class link with you.,They focus on building concepts rather than rote learning.,High,Hinglish NRI dad-of-Govind frame.,v3-influencer,2026-04-30
USA_PFX_FB_Leads-Conv_NRI-States_Int-Languages-Telugu_LeadGen_NA_Video_Testimonial-Deepthi-31s-Telugu_111125,Behavioral-Outcome,1-1-Personalization,Free-Class,Anonymous,"Confidence,Personalization-Gap",UGC-polished,Telugu,"Look, I solved this math puzzle all by myself and got the right answer.","If you want your child to have that one-on-one attention, book a free trial.",There is no pressure to keep up with the whole class.,High,,v3-influencer,2026-04-30
USA_PFX_FB_Leads_Conv_Advantage+Audience_Telugu_LeadGen_NA_Video_Testimonial-Deepthi-31s-Telugu_111125,Behavioral-Outcome,1-1-Personalization,Free-Class,Anonymous,"Confidence,Personalization-Gap",UGC-polished,Telugu,"Look, I solved this math puzzle all by myself and got the right answer.","If you want your child to have that one-on-one attention, book a free trial.",There is no pressure to keep up with the whole class.,High,,v3-influencer,2026-04-30
USA_PFX_FB_Leads_Conv_Int_Influencer_Advantage_ShortForm-LP_NA_Video_Priyanshul-2_041125,Cultural,1-1-Personalization,Free-Class,Named-child,Concept-Clarity,UGC-polished,Mixed,Chicago ka weather abhi kaafi unpredictable chal raha hai.,I'll share the free trial class link with you.,They focus on building concepts rather than rote learning.,High,Hinglish NRI dad-of-Govind frame.,v3-influencer,2026-04-30
USA_PFX_FB_Leads_Conv_Int_Influencer_Advantage_ShortForm-LP_NA_Video_Priyanshul_041125,Cultural,1-1-Personalization,Free-Class,Named-child,Concept-Clarity,UGC-polished,Mixed,Chicago ka weather abhi kaafi unpredictable chal raha hai.,I'll share the free trial class link with you.,They focus on building concepts rather than rote learning.,High,Hinglish NRI dad-of-Govind frame.,v3-influencer,2026-04-30
USA_PFX_FB_Leads_Conv_LAL_0-2%_Engaged_NA_Video_Priyanshul-2_060326,Cultural,1-1-Personalization,Free-Class,Named-child,Concept-Clarity,UGC-polished,Mixed,Chicago ka weather abhi kaafi unpredictable chal raha hai.,I'll share the free trial class link with you.,They focus on building concepts rather than rote learning.,High,Hinglish NRI dad-of-Govind frame.,v3-influencer,2026-04-30
USA_PFX_FB_Leads_Conv_LAL_0-2%_Engaged_NA_Video_Priyanshul_060326,Cultural,1-1-Personalization,Free-Class,Named-child,Concept-Clarity,UGC-polished,Mixed,Chicago ka weather abhi kaafi unpredictable chal raha hai.,I'll share the free trial class link with you.,They focus on building concepts rather than rote learning.,High,Hinglish NRI dad-of-Govind frame.,v3-influencer,2026-04-30
USA_PFX_FB_Leads_Conv_LAL_0-2%_Engaged_NA_Video_Priyanshul_170326,Cultural,1-1-Personalization,Free-Class,Named-child,Concept-Clarity,UGC-polished,Mixed,Chicago ka weather abhi kaafi unpredictable chal raha hai.,I'll share the free trial class link with you.,They focus on building concepts rather than rote learning.,High,Hinglish NRI dad-of-Govind frame.,v3-influencer,2026-04-30
USA_PFX_FB_Leads_Conv_LAL_0-2%_Engaged_NA_Video_Priyanshul_IG_060326,Cultural,1-1-Personalization,Free-Class,Named-child,Concept-Clarity,UGC-polished,Mixed,Chicago ka weather abhi kaafi unpredictable chal raha hai.,I'll share the free trial class link with you.,They focus on building concepts rather than rote learning.,High,Hinglish NRI dad-of-Govind frame.,v3-influencer,2026-04-30
USA_PFX_FB_Leads_Conv_LAL_0-2%_Engaged_Priyanshul-2_031125,Cultural,1-1-Personalization,Free-Class,Named-child,Concept-Clarity,UGC-polished,Mixed,Chicago ka weather abhi kaafi unpredictable chal raha hai.,I'll share the free trial class link with you.,They focus on building concepts rather than rote learning.,High,Hinglish NRI dad-of-Govind frame.,v3-influencer,2026-04-30
USA_PFX_FB_Leads_Conv_LAL_0-2%_Engaged_Priyanshul_131025,Cultural,1-1-Personalization,Free-Class,Named-child,Concept-Clarity,UGC-polished,Mixed,Chicago ka weather abhi kaafi unpredictable chal raha hai.,I'll share the free trial class link with you.,They focus on building concepts rather than rote learning.,High,Hinglish NRI dad-of-Govind frame.,v3-influencer,2026-04-30
USA_PFX_FB_Leads_Conv_LAL_0-2%_Engaged_Priyanshul_IG_video_290126,Cultural,1-1-Personalization,Free-Class,Named-child,Concept-Clarity,UGC-polished,Mixed,Chicago ka weather abhi kaafi unpredictable chal raha hai.,I'll share the free trial class link with you.,They focus on building concepts rather than rote learning.,High,Hinglish NRI dad-of-Govind frame.,v3-influencer,2026-04-30
USA_PFX_FB_Leads_Conv_LAL_0-2%_Engaged_Video_Priyanshul_IG_180226,Cultural,1-1-Personalization,Free-Class,Named-child,Concept-Clarity,UGC-polished,Mixed,Chicago ka weather abhi kaafi unpredictable chal raha hai.,I'll share the free trial class link with you.,They focus on building concepts rather than rote learning.,High,Hinglish NRI dad-of-Govind frame.,v3-influencer,2026-04-30
USA_FB_Leads_Conv_LAL_PayU_IndianAudience_NRI_35-55_Math-Kangaroo_LeadGen_NA_Static-30-Day-Math-Kangaroo-Prep-261225,Competition,Competition-Prep,Free-Class,Anonymous,Competition-Prep,Static-Graphic,English,Build Math Kangaroo-Ready Thinking,Book a Free Class,Is your child preparing for Math Kangaroo?,High,,v3-static,2026-04-30
USA_FB_Leads_Conv_LAL_PayU_IndianAudience_NRI_35-55_NRI_Contextual_Statics_LeadGen_NA_Static-India-Best-Math-Tutors-180226,Cultural,Top-Tutors,Trust-Badge,Anonymous,Foundation,Static-Graphic,English,Trusted Indian Math Tutors for K-12 NRI Kids,Book a Free Class,top 1% Indian tutors,High,,v3-static,2026-04-30
USA_FB_Leads_Conv_LAL_PayU_IndianAudience_NRI_35-55_High_School_LeadGen_NA_Static-High-School-Master-Algebra-White-150126 – Copy,Academic-Outcome,Top-Tutors,Free-Class,Anonymous,"Topic-Algebra,Late-Stage-HS",Static-Graphic,English,1:1 Online Math Tutoring for High School Kids,Book a Free Trial Class,freeze when the numbers change... Algebra 1 and Algebra 2,High,,v3-static,2026-04-30
MEA_AKT_FB_Leads_Conv_Interest_Maths_Engaged_shoppers_Parents_with_preteens_NA_Static_O-Strong-Foundations_20-Oct-2025,Anxiety,Outcome-First,Free-Class,Anonymous,Foundation,Static-Graphic,English,"Make Math a Strength, Not a Struggle",Book Your Free Class Today,From confusion to confidence,High,,v3-static,2026-04-30
MEA_AKT_FB_Leads_Conv_UAE_High_Intent_Targeting_LP_Signup_Premium-Ecom-Brands_NA_Video_Cuemath-Hero-5-21s_111225,Enrichment,Trust-Badge,Trust-Badge,Anonymous,Foundation,Static-Graphic,English,"Trusted by 200,000+ Families",Start with a free trial,4.9 Rated on Trustpilot,High,Premium UAE creative reusing Asian Strong Foundation visual frame,v3-static,2026-04-30
USA_FB_Leads_Conv_LAL_Enrolled_Signup_Old-LP_35-55_High_School_NA_Static-High-School-Master-Algebra-White-150126,Academic-Outcome,Top-Tutors,Free-Class,Anonymous,"Topic-Algebra,Late-Stage-HS",Static-Graphic,English,1:1 Online Math Tutoring for High School Kids,Book a Free Trial Class,Algebra 1 and Algebra 2,High,,v3-static,2026-04-30
MEA_AKT_FB_Leads_Conv_UAE_CTF_Parents_Targeting_LP_Signup_NA_Static-Parents-believed-offline-was-better-31-Oct-2025,System-diagnosis,Outcome-First,Free-Class,Named-parent,Personalization-Gap,Static-Graphic,English,Parents believed offline was better,Book a Free Class,offline was better,Medium,Notion match not located via search; tagged from ad name structure,v3-static,2026-04-30
Herocut_05_041225,Behavioral-Outcome,Outcome-First,Free-Class,Named-child,Confidence,UGC-polished,English,Hero cut testimonial,Book a Free Class,Confidence,Low,Notion not located; PLA NRI hero cut testimonial — inferred from creative_type=Testimonial,v3-static,2026-04-30
USA_FB_Leads_Conv_LAL_PayU_IndianAudience_NRI_35-55_New-Year_LeadGen_NA_Static-2026-Stands-for-Math-Confidence-221225,Academic-Outcome,Outcome-First,Offer-led,Anonymous,Confidence,Static-Graphic,English,2026 Stands for Math Confidence,25% OFF for a limited time | Book a Free Class,turn math confusion into confidence,High,,v3-static,2026-04-30
ANZ_FB_Leads_Conv_India-Expats_Australia_Static_W-Testimonial-NAPLAN_040226,Competition,Outcome-First,Free-Class,Named-parent,Competition-Prep,Static-Graphic,English,How is your child preparing for NAPLAN?,Book a Free Class,NAPLAN-level math assessments,High,,v3-static,2026-04-30
CAN_FB_Leads_Conv_Expats_34-55_Signup_Old_LP_NA_Static-Strong-math-Indian-tutors-310126,Cultural,Top-Tutors,Free-Class,Anonymous,Foundation,Static-Graphic,English,Trusted Indian Math Tutors,Book a Free Class,top 1% Indian tutors,High,,v3-static,2026-04-30
Math_Kangaroo_Static_30-Day-Prep_040126,Competition,Competition-Prep,Free-Class,Anonymous,Competition-Prep,Static-Graphic,English,30-Day Math Kangaroo Prep,Book a Free Class,Math Kangaroo,High,,v3-static,2026-04-30
USA_FB_Leads_Conv_PayU_NRI_Audience_Signup_Old-LP_35-55_NRI_Contextual_Statics_NA_Static-Master-Math-this-Winter-White-060226,Cultural,Top-Tutors,Free-Class,Anonymous,Foundation,Static-Graphic,English,Master Math this Winter,Book a Free Class,top Indian tutors,Medium,Reuses NRI contextual frame; winter callout but no offer in copy,v3-static,2026-04-30
USA_FB_Leads_Conv_Advantage_Audience_High_NRI_Creatives_Scaling_Signup_Old-LP_NA_Static-Top-Indian-tutors-060226,Cultural,Top-Tutors,Free-Class,Anonymous,Foundation,Static-Graphic,English,Top Indian Math Tutors,Book a Free Class,top 1% Indian tutors,High,,v3-static,2026-04-30
Static_W-Ch-Strong-Foundations_230226,Cultural,Outcome-First,Free-Class,Anonymous,Foundation,Static-Graphic,Mandarin,Strong Foundations - Chinese variant,Book a Free Class,strong foundations,Medium,Chinese PLA — visual text inferred; uses Asian strong foundation frame,v3-static,2026-04-30
ANZ_PFX_FB_Leads-Conv_Australia_All-Expats_ShortForm-LP-Signup_NA_Static_Y-NAPLAN-Start-Summer_210126,Competition,Competition-Prep,Offer-led,Anonymous,Competition-Prep,Static-Graphic,English,Start Summer Strong with 1:1 Online NAPLAN Maths Prep,Up to 20% Off + Free Workbooks | Book a Free Class,NAPLAN-style questions,High,,v3-static,2026-04-30
MEA_AKT_FB_Leads_Conv_Interest_Maths_Engaged_shoppers_Parents_with_preteens_NA_Static_O-Strong-Foundations_V2-121225,Anxiety,Outcome-First,Free-Class,Anonymous,Foundation,Static-Graphic,English,"Make Math a Strength, Not a Struggle V2",Book Your Free Class Today,From confusion to confidence,High,,v3-static,2026-04-30
USA_AKT_FB_Leads_Conv_Advantage_Audience-Telugu_35-55_LeadGen_Telugu_Creatives_Telugu_copy_NA_Static_Balamaina_Math_Foundation_150126,Cultural,Cultural-Relatability,Free-Class,Anonymous,Foundation,Static-Graphic,Telugu,Balamaina Math Foundation - Telugu vernac,Book a Free Class,strong math foundation,Medium,Telugu vernac creative; Notion match not located — inferred from filename,v3-static,2026-04-30
MEA_AKT_FB_Leads_Conv_UAE_HNIs_Targeting_LP_Pricing_Creatives_60AED_Signup_NA_Static-IB-MYP1_260126,Enrichment,MathFit,Offer-led,Anonymous,"Personalization-Gap,Foundation",Static-Graphic,English,1:1 Math Tutoring for IB MYP,Book a Free 1:1 Class Today,"Want your child to truly understand IB MYP Math, not just memorize steps?",High,Memorization vs Understanding underlies but explicit MYP topic; pricing offer,v3-static,2026-04-30
Mea_PFX_FB_Leads-Conv_AD-DH-Sha-Cities_Int-Premium_LeadGen_NA_Static_Y-Girl-MathFit_240925,Enrichment,MathFit,Free-Class,Named-child,Confidence,Static-Graphic,English,Make Your Child MathFit,Book a Free Class,MathFit - thinking not calculating,Medium,Notion not located via search; tagged from MathFit framing in name,v3-static,2026-04-30
USA_FB_Leads_Conv_LAL_PayU_IndianAudience_NRI_35-55_Math-Kangaroo_LeadGen_NA_Static-Build Skills-V2-111225,Competition,Competition-Prep,Free-Class,Named-child,Competition-Prep,Static-Graphic,English,Build Math Kangaroo Skills,Book a Free Class,Math Kangaroo,High,,v3-static,2026-04-30
ANZ_FB_Leads_Conv_LAL-QL-0to2%_Australia_Static_W-NAPLAN-2026-Ready_030226,Competition,Competition-Prep,Free-Class,Named-child,Competition-Prep,Static-Graphic,English,NAPLAN 2026 is closer than you think,Book a Free Class,NAPLAN 2026,High,,v3-static,2026-04-30
ANZ_FB_Leads_Conv_Parents-All-Pri+Sec_Australia_Static_Y-Testimonial-Vishal_020326,Competition,Outcome-First,Free-Class,Named-parent,Competition-Prep,Static-Graphic,English,How is your child preparing for NAPLAN?,Book a Free Class,NAPLAN — top 5% of their state,High,,v3-static,2026-04-30
USA_FB_Leads_Conv_LAL_Enrolled_Signup_LP_Holi_Creatives_NA_Static_Color_Their_Future_200226,Cultural,Outcome-First,Free-Class,Anonymous,Foundation,Static-Graphic,English,Color Their Future with Strong Math Skills,Book a Free Class,deep conceptual understanding,High,,v3-static,2026-04-30
ANZ_FB_Leads_Conv_int-Parents_Australia_Static_Y-Testimonial-Vishal_200326,Competition,Outcome-First,Free-Class,Named-parent,Competition-Prep,Static-Graphic,English,How is your child preparing for NAPLAN?,Book a Free Class,NAPLAN-level math assessments,High,,v3-static,2026-04-30
ANZ_FB_Leads_Conv_Parents-All-Pri+Sec_Australia_Static_Y-NAPLAN-Chinese_290126,Competition,Cultural-Relatability,Offer-led,Anonymous,Competition-Prep,Static-Graphic,Mandarin,NAPLAN 2026 — Chinese variant,Up to 20% Off + Free Workbooks,NAPLAN-style questions,Medium,Chinese vernac NAPLAN; offer present per ANZ pattern,v3-static,2026-04-30
ANZ-UK_FB_Leads_Conv_PayU_UK_Static_P-Gamified_250226,Behavioral-Outcome,Outcome-First,Free-Class,Named-child,Engagement,Static-Graphic,English,Gamified math learning,Book a Free Class,interactive gamified platform,Low,Notion match not located; UK gamified static — inferred from canonical,v3-static,2026-04-30
USA_FB_Leads_Conv_LAL_PayU_IndianAudience_NRI_35-55_AMC_LeadGen_NA_Static-Boost-score-in-AMC8--310126,Competition,Competition-Prep,Free-Class,Anonymous,Competition-Prep,Static-Graphic,English,Boost Your Score in AMC 8,Book a Free Class,AMC 8,High,,v3-static,2026-04-30
ANZ_PFX_FB_Leads-Conv_Australia_LeadGen_NA_Static_NAPLAN-Chinese_061125,Competition,Cultural-Relatability,Offer-led,Anonymous,Competition-Prep,Static-Graphic,Mandarin,NAPLAN prep — Chinese variant,Up to 20% Off + Free Workbooks,NAPLAN-style questions,Medium,,v3-static,2026-04-30
USA_FB_Leads_Conv_LAL_Enrolled_35-55_Republic_Day_LeadGen_NA_Static-make-child-mathfit-200126,Cultural,MathFit,Offer-led,Named-child,Confidence,Static-Graphic,English,"This Republic Day, Make your Child MathFit",25% Off · Book a Free Class,MathFit - rise above math anxiety,High,,v3-static,2026-04-30
MEA_AKT_FB_Leads_Conv_UAE_High_ROAS_Creative_Scaling_LP_Signup_NA_Static-Parents-believed-offline-was-better-180226,System-diagnosis,Outcome-First,Free-Class,Named-parent,Personalization-Gap,Static-Graphic,English,Parents believed offline was better,Book a Free Class,offline was better,Medium,Notion match not located; second variant of offline-vs-online frame,v3-static,2026-04-30
USA_FB_Leads_Conv_LAL_Enrolled_35-55_Pricing_Creatives_LeadGen_NA_Static-starting-at-$20-per-class-220126,Enrichment,Top-Tutors,Offer-led,Named-child,Foundation,Static-Graphic,English,Starting at $20 per class,Classes start at $20 | Book a Free Class,top Indian tutors at affordable price,High,,v3-static,2026-04-30
ANZ_FB_Leads_Conv_LAL-QL-0to2%_Australia_Static_W-Testimonial-NAPLAN_030226,Competition,Outcome-First,Free-Class,Named-parent,Competition-Prep,Static-Graphic,English,How is your child preparing for NAPLAN?,Book a Free Class,NAPLAN — top 5%,High,,v3-static,2026-04-30
USA_FB_Leads_Conv_LAL_PayU_IndianAudience_NRI_35-55_Christmas_LeadGen_NA_Static-Christmas-Master-Algebra-Geometry-101225,Academic-Outcome,Top-Tutors,Offer-led,Anonymous,"Topic-Algebra,Topic-Geometry",Static-Graphic,English,This Christmas Give Your Child the Gift of Math Mastery,Get 25% off | Book a Free 1:1 Class,Master Algebra & Geometry,High,,v3-static,2026-04-30
USA_FB_Leads_Conv_Expats_High_School_40_60_Signup_LP_Statics_NA_Static-High-School-AP-Calculus-BC-090426,Academic-Outcome,Top-Tutors,Free-Class,Anonymous,"Topic-Calculus,Late-Stage-HS",Static-Graphic,English,AP Calculus BC mastery,Book a Free Trial Class,AP Calculus BC,High,,v3-static,2026-04-30
ANZ-UK_FB_Leads_Conv_India-Expats_UK_Static_O-Classroom-Maths_050226,System-diagnosis,1-1-Personalization,Free-Class,Anonymous,Personalization-Gap,Static-Graphic,English,Classroom maths isn't enough,Book a Free Class,one teacher many students,Medium,Notion match not located; inferred from offline-vs-online frame in name,v3-static,2026-04-30
ANZ_PFX_FB_Leads-Conv_Australia_All-Expats_ShortForm-LP-Signup_NA_Static_Y-Boost-NAPLAN-White_101225,Competition,Competition-Prep,Offer-led,Anonymous,Competition-Prep,Static-Graphic,English,Boost NAPLAN Maths,Up to 20% Off + Free Workbooks,NAPLAN-style,High,,v3-static,2026-04-30
ANZ_FB_Leads_Conv_NRI-Cities-Female_Australia_Static_Y-Testimonial-Vishal_200326,Competition,Outcome-First,Free-Class,Named-parent,Competition-Prep,Static-Graphic,English,How is your child preparing for NAPLAN?,Book a Free Class,NAPLAN top 5%,High,,v3-static,2026-04-30
MEA_AKT_FB_Leads_Conv_UAE_High_ROAS_Creative_Scaling_LP_Signup_NA_Static-B-Around-Your-Child-V3-040126,Behavioral-Outcome,1-1-Personalization,Free-Class,Named-child,Personalization-Gap,Static-Graphic,English,Built around your child,Book a Free Class,personalized 1:1 attention,Medium,Notion match not directly located but MEA personalisation frame visible in MEA-ads-perf reference,v3-static,2026-04-30
USA_FB_Leads_Conv_LAL_Enrolled_35-55_NRI_Contextual_Statics_LeadGen_NA_Static-Top-Indian-tutors-NRI-Ad2-230126,Cultural,Top-Tutors,Free-Class,Anonymous,Foundation,Static-Graphic,English,Top Indian Math Tutors,Book a Free Class,top 1% Indian tutors,High,,v3-static,2026-04-30
Static_Y-Ch-Child_280126,Cultural,MathFit,Free-Class,Named-child,Engagement,Static-Graphic,Mandarin,Y-Ch-Child engagement frame,Book a Free Class,thinking not calculating,Low,Notion not located; Chinese PLA variant inferred,v3-static,2026-04-30
ANZ_FB_Leads_Conv_TV-Channels_Australia_Static_W-Testimonial-NAPLAN_140126,Competition,Outcome-First,Free-Class,Named-parent,Competition-Prep,Static-Graphic,English,How is your child preparing for NAPLAN?,Book a Free Class,NAPLAN,High,,v3-static,2026-04-30
Math_Kangaroo_Static_Build_Skills_V2_040126,Competition,Competition-Prep,Free-Class,Anonymous,Competition-Prep,Static-Graphic,English,Build Math Kangaroo Skills V2,Book a Free Class,Math Kangaroo,High,,v3-static,2026-04-30
MEA_AKT_FB_Leads_Conv_Interest_Maths_Engaged_shoppers_Parents_with_preteens_NA_Static-Loved-by-UAE-Families-14-Nov-2025,Cultural,Cultural-Relatability,Trust-Badge,Anonymous,Foundation,Static-Graphic,English,Trusted By US Parents. Loved By UAE Families,Book Your Free Class Today,"200,000+ Students",High,,v3-static,2026-04-30
USA_FB_Leads_Conv_LAL_PayU_IndianAudience_NRI_35-55_NRI_Contextual_Statics_LeadGen_NA_Static-Spring-Build-Strong-Foundation-060426,Cultural,Outcome-First,Free-Class,Anonymous,Foundation,Static-Graphic,English,Spring: Build a Strong Math Foundation,Book a Free Class,strong foundations,High,,v3-static,2026-04-30
ANZ_PFX_FB_Leads-Conv_Australia_PayU_LeadGen_NA_Static_W-NAPLAN-2026-Ready_241225,Competition,Competition-Prep,Offer-led,Anonymous,Competition-Prep,Static-Graphic,English,NAPLAN 2026 is closer than you think,Up to 20% Off + Free Workbooks | Book a Free Class,NAPLAN 2026,High,,v3-static,2026-04-30
Easter_Hop_Into_Math_Confidence_240326,Behavioral-Outcome,Outcome-First,Offer-led,Named-tutor,Confidence,Studio,English,Hop into Math Confidence this Easter,Book a Free Class,build maths confidence,Medium,Notion match not directly located; Easter creative — inferred Studio talking head from creative_type,v3-static,2026-04-30
USA_FB_Leads_Conv_PayU_New_Audience_35-55_Statics_High_School_New_Concepts_LeadGen_NA_Static-High-School-Algebra-to-AP-Calculus-170426,Academic-Outcome,Top-Tutors,Free-Class,Anonymous,"Topic-Algebra,Topic-Calculus",Static-Graphic,English,From Algebra 1 to AP Calculus,Book a Free Trial Class,Algebra 1 to Pre-Calculus,High,,v3-static,2026-04-30
USA_FB_Leads_Conv_PayU_NRI_Audience_Signup_Old-LP_35-55_NRI_Contextual_Statics_NA_Static-Top-Indian-tutors-NRI-Ad1-010226,Cultural,Top-Tutors,Free-Class,Anonymous,Foundation,Static-Graphic,English,Top Indian Math Tutors,Book a Free Class,top 1% Indian tutors,High,,v3-static,2026-04-30
ANZ_FB_Leads_Conv_Expats-India_Australia_Static_W-NAPLAN-2027-Testimonial_150426,Competition,Outcome-First,Free-Class,Named-parent,Competition-Prep,Static-Graphic,English,Is your child ready for NAPLAN 2027?,Book a Free Class,NAPLAN 2027,High,,v3-static,2026-04-30
ANZ_PFX_FB_Leads-Conv_Australia_LeadGen_NA_Static_NAPLAN-Chinese-V2_230126,Competition,Cultural-Relatability,Offer-led,Anonymous,Competition-Prep,Static-Graphic,Mandarin,NAPLAN prep — Chinese V2,Up to 20% Off + Free Workbooks,NAPLAN-style,Medium,,v3-static,2026-04-30
ANZ_FB_Leads_Conv_Vernac-Tamil-Static_Australia_Static_Ad3-Tamil-Text_110226,Cultural,Cultural-Relatability,Free-Class,Anonymous,Foundation,Static-Graphic,Tamil,Tamil vernac static,Book a Free Class,Tamil-speaking parents,Medium,Notion match not directly located via search; Tamil vernac inferred,v3-static,2026-04-30
ANZ-NZ_FB_Leads_Conv_Parents-Pri+Sec_Australia_Form_Static_Classroom-Math_280126,System-diagnosis,1-1-Personalization,Free-Class,Anonymous,Personalization-Gap,Static-Graphic,English,Classroom Math vs 1:1 Tutoring,Book a Free Class,one teacher many students,Medium,Notion match not located; ANZ-NZ classroom-math frame inferred,v3-static,2026-04-30
ANZ_FB_Leads_Conv_LAL-0to2-QL_Australia_Static_Testimonial-Dharmender_200426,Behavioral-Outcome,Outcome-First,Free-Class,Named-parent,Confidence,Static-Graphic,English,Dharmender testimonial,Book a Free Class,my child gained confidence,Low,Notion match not located; tagged from testimonial format + parent name,v3-static,2026-04-30
ANZ_FB_Leads_Conv_All-Expats_Australia_Static_W-Child-Falling-Behind_070126,Anxiety,1-1-Personalization,Free-Class,Named-child,Confidence,Static-Graphic,English,Is Your Child Falling Behind in Maths?,Book a Free Class,falling behind,High,Notion ref via 'New term creatives ANZ Dec25' (2c38897c...) confirms hook; ad name explicit,v3-static,2026-04-30
USA_FB_Leads_Conv_LAL_PayU_IndianAudience_NRI_35-55_LeadGen_3MF_Static_B-Math-Learning-New_020126,Cultural,Top-Tutors,Free-Class,Anonymous,Foundation,Static-Graphic,English,Better Math Learning - NRI,Book a Free Class,top Indian tutors,Medium,,v3-static,2026-04-30
ANZ_PFX_FB_Leads-Conv_Australia_PayU_LeadGen_NA_Static_W-NAPLAN-Boost-Math_291225,Competition,Competition-Prep,Offer-led,Anonymous,Competition-Prep,Static-Graphic,English,Boost NAPLAN Maths,Up to 20% Off + Free Workbooks,NAPLAN-style questions,High,,v3-static,2026-04-30
USA_FB_Leads_Conv_LAL_PayU_IndianAudience_NRI_35-55_Math-Kangaroo_LeadGen_NA_Static-Is-your-child-preparing-051225,Competition,Competition-Prep,Free-Class,Anonymous,Competition-Prep,Static-Graphic,English,Is your child preparing for Math Kangaroo?,Book a Free Class,Math Kangaroo,High,,v3-static,2026-04-30
USA_AKT_FB_Leads_Conv_Int_Expats-Telugu_35-55_LeadGen_Telugu_Creatives_Telugu_copy_Static_Balamaina_Math_Foundation_150126,Cultural,Cultural-Relatability,Free-Class,Anonymous,Foundation,Static-Graphic,Telugu,Balamaina Math Foundation - Telugu,Book a Free Class,strong math foundation Telugu,Medium,,v3-static,2026-04-30
ANZ_FB_Leads_Conv_Bollywood_Australia_Static_Y-Testimonial-Vishal_150326,Competition,Outcome-First,Free-Class,Named-parent,Competition-Prep,Static-Graphic,English,How is your child preparing for NAPLAN?,Book a Free Class,NAPLAN,High,,v3-static,2026-04-30
ANZ_FB_Leads_Conv_Locations_Australia_Static_W-NAPLAN-Boost-Math_060226,Competition,Competition-Prep,Offer-led,Anonymous,Competition-Prep,Static-Graphic,English,Boost NAPLAN Maths,Up to 20% Off + Free Workbooks,NAPLAN-style questions,High,,v3-static,2026-04-30
ANZ_FB_Leads_Conv_LAL-QL-0to2%_Australia_Static_Y-Testimonial-Vishal_090326,Competition,Outcome-First,Free-Class,Named-child,Competition-Prep,UGC-polished,English,How is your child preparing for NAPLAN?,Book a Free Class,NAPLAN top 5%,High,,v3-static,2026-04-30
Static_Chinese_Ace_math_competition_030426,Competition,Cultural-Relatability,Free-Class,Named-child,Competition-Prep,Static-Graphic,Mandarin,Ace Math Competition - Chinese,Book a Free Class,competition prep,Medium,Notion match not located; Chinese PLA competition static,v3-static,2026-04-30
MEA_AKT_FB_Leads_Conv_Dubai_Premium_Ecom_Brands_LP_Signup_NA_Static-Strong-Math-Foundations-V2-100226,Anxiety,Outcome-First,Free-Class,Anonymous,Foundation,Static-Graphic,English,"Make Math a Strength, Not a Struggle",Book Your Free Class Today,From confusion to confidence,High,,v3-static,2026-04-30
Static_Y-Ch-Family_230226,Cultural,Cultural-Relatability,Free-Class,Anonymous,Foundation,Static-Graphic,Mandarin,Y-Ch-Family Chinese family frame,Book a Free Class,strong math foundations,Low,Notion not located; Chinese PLA family-frame inferred,v3-static,2026-04-30
Mea_PFX_FB_Leads-Conv_NA_Int-Female_LeadGen_NA_Static-Christmas-Ho-Ho-Ho-051225,Cultural,Outcome-First,Offer-led,Anonymous,Foundation,Static-Graphic,English,Ho Ho Ho! Better Math Learning is on its Way,Get 20% Off | Book a Free 1:1 Class,"focused attention, clear explanations",High,,v3-static,2026-04-30
ANZ_FB_Leads_Conv_Parents-All-Pri+Sec_Australia_Static_W-NAPLAN-Boost-Math_290126,Competition,Competition-Prep,Offer-led,Anonymous,Competition-Prep,Static-Graphic,English,Boost NAPLAN Maths,Up to 20% Off + Free Workbooks,NAPLAN-style questions,High,,v3-static,2026-04-30
ANZ_FB_Leads_Conv_Int-Parenting_Australia_Static_NAPLAN-Chinese_050126,Competition,Cultural-Relatability,Offer-led,Anonymous,Competition-Prep,Static-Graphic,Mandarin,NAPLAN prep — Chinese,Up to 20% Off + Free Workbooks,NAPLAN-style,Medium,,v3-static,2026-04-30
ANZ-SG_FB_Leads_Conv_int4C_Singapore_Static_Strong-Maths-Foundations_110226,Cultural,Outcome-First,Free-Class,Anonymous,Foundation,Static-Graphic,English,Strong Maths Foundations - Singapore,Book a Free Class,strong foundations,High,,v3-static,2026-04-30
MEA_AKT_FB_Leads_Conv_UAE_High_Intent_Targeting_Signup_LP_NA_Video_Brand-Mission-27s_080226,Enrichment,Outcome-First,Free-Class,Anonymous,Foundation,Static-Graphic,English,Cuemath brand mission,Book a Free Class,strong foundation for life,Medium,Despite '_video_' filename it is tagged as static graphic in CSV (creative_type=Static); brand mission frame,v3-static,2026-04-30
USA_FB_Leads_Conv_LAL_Enrolled_35-55_Republic_Day_LeadGen_NA_Static-strong-math-foundations-200126,Academic-Outcome,Outcome-First,Offer-led,Named-child,Foundation,Static-Graphic,English,Strong Math Foundations Start Here,Republic Day Offer: 25% OFF | Book a Free Class,strong fundamentals,High,,v3-static,2026-04-30
USA_FB_Leads_Conv_CTF_LAL_Enrolled_Signup_LP_Static_Accelerate_Toward_AP_Calculus_BC_180326,Academic-Outcome,Top-Tutors,Free-Class,Anonymous,"Topic-Calculus,Late-Stage-HS",Static-Graphic,English,Accelerate Toward AP Calculus BC,Book a Free Trial Class,AP Calculus BC,High,,v3-static,2026-04-30
ANZ_FB_Leads_Conv_Parents-All-Pri+Sec_Australia_Static_W-Testimonial-NAPLAN_290126,Competition,Outcome-First,Free-Class,Named-parent,Competition-Prep,Static-Graphic,English,How is your child preparing for NAPLAN?,Book a Free Class,NAPLAN top 5%,High,,v3-static,2026-04-30
ANZ_FB_Leads_Conv_Int-4C_Australia_Video_Testimonial-Mohit-Kukreja_060126,Enrichment,1-1-Personalization,Recommendation,Named-child,Engagement,UGC-polished,English,We were looking for more of mathematics tutoring where they have more of creative thinking,I will 100% recommend Cuemath,"He loves that challenge, so yeah, I am very happy",High,"Hook is enrichment; behavioral proof in body (Agam keen, loves challenge) supports Engagement pain.",v2.1-handcrafted,2026-04-30
ANZ_FB_Leads_Conv_int-Parents_Australia_Video_Testimonial-Lakshmi_200326,Enrichment,Top-Tutors,Free-Class,Anonymous,"Foundation, Topic-Number-Sense",UGC-polished,English,"She was okay, not behind, but we want math and science to be our strong suits",Book a Free Class,"young learners build number sense, critical thinking, and fine motor skills",High,PC explicitly names number-sense — added topic tag.,v2.1-handcrafted,2026-04-30
USA_FB_Leads_Conv_LAL_PayU_New_Audience_35-55_New_English_Generic_LeadGen_NA_Video_English_Testimonial_Shalini_Dropati_180226,Child-diagnosis,Top-Tutors,Free-Class,Anonymous,Confidence,UGC-polished,English,Is your child struggling to stay focused in math class?,Book a Free Class,feel more confident over time,Medium,No transcript for Shalini Dropati available; tagged from PC only.,v2.1-handcrafted,2026-04-30
USA_FB_Leads_Conv_PayU_New_Audience_35-55_English_Testimonials_Part2_LeadGen_NA_Video_English_Testimonial_Grade2_Likita_090426,Enrichment,Top-Tutors,Free-Class,Named-child,Competition-Prep,UGC-polished,English,Is school math enough if your child is ready for more?,Book a Free Trial Class,preparing for competitive math like Math Kangaroo,High,Transcript: 'wanted her to enroll in competitive maths like Math Kangaroo. The ongoing class curriculum is not sufficient.',v2.1-handcrafted,2026-04-30
AI-Video-High-School_030426,System-diagnosis,Memorization-vs-Understanding,Free-Class,Anonymous,"Concept-Clarity, Topic-Algebra",AI-Generated,English,Does your high schooler solve familiar Algebra problems—but freeze when the numbers change?,Book a Free Trial Class,"When kids understand the why behind Algebra 1 and Algebra 2, every variation starts making sense",High,PC explicitly names Algebra 1 and Algebra 2 — topic tag added. MathFit close: 'We make kids MathFit'.,v2.1-handcrafted,2026-04-30
AI_Video_Math_Kangaroo_030326,Competition,Memorization-vs-Understanding,Free-Class,Anonymous,Competition-Prep,AI-Generated,English,Is your child preparing for Math Kangaroo?,Book a Free Class,Math Kangaroo rewards thinkers—not memorizers,High,,v2.1-handcrafted,2026-04-30
ANZ_FB_Leads_Conv_LAL-PayU_Australia_Video_AI-Arya_250226,System-diagnosis,Memorization-vs-Understanding,Free-Class,Anonymous,Concept-Clarity,AI-Generated,English,Does your child do worksheet after worksheet—and still feel confused?,Book a Free Class,"kids stop guessing, start understanding",High,"creative_tags has talent_name='Arya' but Arya is an AI character, not a real talent.",v2.1-handcrafted,2026-04-30
AI-Video-MathFit_250226,Future-readiness,MathFit,Free-Class,Anonymous,Concept-Clarity,AI-Generated,English,AI is changing everything—but the real edge is clear thinking,Book a Free 1:1 Trial Class,"critical thinking, logical reasoning, and speed with accuracy",High,Explicit MathFit headline + close.,v2.1-handcrafted,2026-04-30
USA_FB_Leads_Conv_LAL_PayU_IndianAudience_NRI_35-55_Christmas_LeadGen_NA_Video-Christmas-HS-Madhavi-080126,Academic-Outcome,Top-Tutors,Offer-led,Named-child,"Late-Stage-HS, Topic-Calculus",UGC-polished,English,"teens build strong foundations, fill learning gaps, and master even challenging topics like calculus and trigonometry",Christmas Special: FREE SAT Prep Worth $499,master even challenging topics like calculus and trigonometry,High,Hook flipped from generic Outcome → Academic-Outcome (calculus/trig). Topic-Calculus added. Transcript also has Recommendation close — but Offer is the dominant on-image close.,v2.1-handcrafted,2026-04-30
USA_FB_Leads_Conv_LAL_Enrolled_35-55_High_School_LeadGen_NA_High-School-SAT-Prep-Manan-Sir-090126,Academic-Outcome,Top-Tutors,Offer-led,Named-tutor,Late-Stage-HS,UGC-polished,English,Is your child ready to handle the jump from high school maths to SAT-level problem solving?,Get SAT Prep worth $499 absolutely free,"strengthen core high school concepts while building the speed, strategy, and confidence needed for the SAT",Medium,Hook flipped to Academic-Outcome. PC stays generic 'high school concepts' — no specific topic tag.,v2.1-handcrafted,2026-04-30
USA_FB_Leads_Conv_Int_Parents_Influencer_Postboost_35-55_ShortForm_Old-LP_Signup_NA_Video_ShortForm-LP-Video_Keerthi_120326,System-diagnosis,1-1-Personalization,Free-Class,Named-both,"Personalization-Gap, Competition-Prep",UGC-polished,English,Worried your child isn't getting enough attention in large online math classes?,Book a Free Trial Class,with preparation for competitions like AMC 8 and Math Kangaroo,High,Transcript names tutor (Nisha Shah) AND child (Sunil). PC mentions AMC 8 + Math Kangaroo — added Competition-Prep secondary pain. Spoken video may include Telugu segments.,v2.1-handcrafted,2026-04-30
Mea_PFX_FB_Leads-Conv_AD-DH-Sha-Cities_Int-Premium_LeadGen_NA_Video_Updated-Testimonial-Surveen-15s_170925,Behavioral-Outcome,Outcome-First,Free-Class,Named-parent,Confidence,UGC-polished,English,Surveen testimonial video,Book a Free Class,confidence and progress,Low,No notion match; tagged from ad-name structure,v2.2-mature,2026-04-30
USA_PFX_FB_Leads-Conv_NA_Int-Expats-Telugu_LeadGen_NA_Video_Testimonial-Kaasi-22s-Telugu_100825,Academic-Outcome,Outcome-First,Free-Class,Named-parent,Foundation,UGC-polished,Telugu,Kaasi Telugu testimonial,Book a Free Class,grades & school improvement,Low,Telugu vernac testimonial; no transcript,v2.2-mature,2026-04-30
USA_PFX_FB_Leads_Conv_Advantage+Audience_Telugu_LeadGen_NA_Video_Testimonial-Kiran-22s-Telugu_101125,Academic-Outcome,Outcome-First,Free-Class,Named-parent,Foundation,UGC-polished,Telugu,Kiran Telugu testimonial,Book a Free Class,grades & school,Low,excluded-from-deck; Telugu vernac testimonial,v2.2-mature,2026-04-30
MEA_AKT_FB_Leads_Conv_UAE_CTF_Parents_Targeting_LP_Signup_NA_Video-Satish-English-Testimonial-07-Nov-2025,Behavioral-Outcome,Outcome-First,Free-Class,Named-parent,"Confidence,Foundation",UGC-polished,English,Satish testimonial,Book a Free Class,grades and confidence improved,Low,UAE testimonial; no transcript,v2.2-mature,2026-04-30
MEA_AKT_FB_Leads_Conv_UAE_High_Intent_Targeting_LP_Pricing_Creatives_60AED_Signup_NA_Video_Cuemath-Hero-5-21s_111225,Future-readiness,MathFit,Free-Class,Anonymous,Concept-Clarity,Animated,English,Cuemath hero brand video,Book a Free Class,builds thinking and concepts,Medium,Brand hero video — generic platform pitch,v2.2-mature,2026-04-30
USA_FB_Leads_Conv_PayU_NRI_Audience_Signup_Old-LP_35-55_English-Generic-Content_NA_Video-Testimonial-Gunjan-13s_020126,Behavioral-Outcome,Outcome-First,Free-Class,Named-parent,"Confidence,Foundation",UGC-polished,English,Gunjan parent testimonial,Book a Free Class,grades and school improvement,Medium,Gunjan testimonial UGC,v2.2-mature,2026-04-30
CAN_FB_Leads_Conv_Expats_34-55_Signup_Old_LP_NA_Video_Testimonial_Gunjan-20s_020126,Behavioral-Outcome,Outcome-First,Free-Class,Named-parent,Confidence,UGC-polished,English,Gunjan parent testimonial 20s,Book a Free Class,parent peace of mind,Medium,Canada Gunjan testimonial,v2.2-mature,2026-04-30
ANZ_FB_Leads_Conv_int4C_Australia_Video_Cuemath-Hero-5-21s_020326,Future-readiness,MathFit,Free-Class,Anonymous,Concept-Clarity,Animated,English,Cuemath hero brand video,Book a Free Class,builds thinking and concepts,Medium,Brand hero video,v2.2-mature,2026-04-30
MEA_FB_Leads_Advantage+Non-OTP_form_LeadGen_NA_Video-English-Testimonial-Kasi-Madi-28-Nov-2025,Behavioral-Outcome,Outcome-First,Free-Class,Named-parent,Confidence,UGC-polished,English,Kasi Madi parent testimonial,Book a Free Class,parent peace of mind,Low,UAE Kasi Madi testimonial,v2.2-mature,2026-04-30
Mea_PFX_FB_Leads-Conv_NA_Int-Female_LeadGen_NA_Video_Updated-Testimonial-Amyra-Parent-26s_070326,Behavioral-Outcome,Outcome-First,Free-Class,Named-parent,Confidence,Studio,English,Amyra parent testimonial,Book a Free Class,parent peace of mind,Low,MEA Studio testimonial,v2.2-mature,2026-04-30
USA_FB_Leads_Conv_Razorpay_LAL_NRI_Audience_35-55_English_Testimonials_LeadGen_NA_Video_Testimonial-Shruti-25s_130426,Behavioral-Outcome,Outcome-First,Free-Class,Named-parent,Confidence,UGC-polished,English,Shruti parent testimonial,Book a Free Class,parent peace of mind,Low,Shruti UGC testimonial,v2.2-mature,2026-04-30
MEA_FB_Leads_Advantage+Non-OTP_form_LeadGen_NA_Video_Updated-Testimonial-Amyra-Parent-26s_24-Nov-2025,Behavioral-Outcome,Outcome-First,Free-Class,Named-parent,Confidence,Studio,English,Amyra parent testimonial,Book a Free Class,parent peace of mind,Low,MEA Studio testimonial,v2.2-mature,2026-04-30
USA_PFX_FB_Leads_Conv_Advantage+Audience_Telugu_LeadGen_NA_Video_Testimonial-Lakshami-32s-Telugu_050925,Behavioral-Outcome,Outcome-First,Free-Class,Named-parent,Confidence,UGC-polished,Telugu,Lakshami Telugu testimonial,Book a Free Class,confidence and grades,Low,Telugu vernac testimonial,v2.2-mature,2026-04-30
ANZ-UK_FB_Leads_Conv_int4C_UK_Video_Testimonial-Gunjan-Video-V2_100226,Behavioral-Outcome,Outcome-First,Free-Class,Named-parent,Confidence,UGC-polished,English,Gunjan parent testimonial,Book a Free Class,grades and school confidence,Medium,UK Gunjan testimonial,v2.2-mature,2026-04-30
Mea_PFX_FB_Leads-Conv_AD-DH-Sha-Cities_Int-Premium_LeadGen_NA_Video_Updated-Testimonial-Jasleen-15s_170925,Behavioral-Outcome,Outcome-First,Free-Class,Named-parent,Confidence,UGC-polished,English,Jasleen parent testimonial,Book a Free Class,parent peace of mind,Low,MEA Jasleen testimonial,v2.2-mature,2026-04-30
ANZ_PFX_FB_Leads_Conv_Int_All-Expats_35-55_Australia_Static_W-NAPLAN-Start-Summer_210126,Academic-Outcome,Outcome-First,Free-Class,Anonymous,Competition-Prep,Static-Graphic,English,NAPLAN Start Summer Prep,Book a Free Class,NAPLAN preparation,High,NAPLAN-themed static,v2.2-mature,2026-04-30
ANZ-NZ_FB_Leads_Conv_LAL-PayU_New-Zealand_Video_Testimonial-Gunjan-Video-V2_310126,Behavioral-Outcome,Outcome-First,Free-Class,Named-parent,Confidence,UGC-polished,English,Gunjan parent testimonial,Book a Free Class,confidence and grades,Medium,NZ Gunjan testimonial,v2.2-mature,2026-04-30
MEA_AKT_FB_Leads_Conv_Cities_Int_Premium_Brands-New-Creatives-35-55_LeadGen_NA_Video-Webinar3-07-Nov-2025,Future-readiness,MathFit,Free-Class,Anonymous,Concept-Clarity,Studio,English,Cuemath webinar — math thinking,Book a Free Class,critical thinking and clarity,Low,Webinar format MEA video,v2.2-mature,2026-04-30
Video_Testimonial_Gunjan-13s_260126,Behavioral-Outcome,Outcome-First,Free-Class,Named-parent,Confidence,UGC-polished,Hindi,Gunjan parent testimonial,Book a Free Class,parent peace of mind,Medium,Hindi Gunjan testimonial,v2.2-mature,2026-04-30
USA_FB_Leads_Conv_Razorpay_LAL_35_60_Signup_PLA_LP_High_School_NA_Video_High-School-Testimonial-Madhavi_150426,Academic-Outcome,Top-Tutors,Free-Class,Named-child,"Late-Stage-HS,Topic-Calculus",UGC-polished,English,teens build strong foundations fill learning gaps and master even challenging topics like calculus and trigonometry,Book a Free Class,master even challenging topics like calculus and trigonometry,High,Madhavi high school testimonial (no Christmas badge),v2.2-mature,2026-04-30
ANZ_FB_Leads_Conv_Bollywood_Australia_Video_Testimonial-Lakshmi_170226,Enrichment,Top-Tutors,Free-Class,Named-parent,Foundation,UGC-polished,English,we want math and science to be our strong suits,Book a Free Class,Trigonometry is something she said she needs to spend a bit more time with,High,Lakshmi (Norway parent) testimonial,v2.2-mature,2026-04-30
USA_FB_Leads_Conv_LAL_PayU_IndianAudience_NRI_35-55_LeadGen_NA_Video_Testimonial-Sameer-23s_020126,Behavioral-Outcome,Outcome-First,Free-Class,Named-parent,Confidence,UGC-polished,English,Sameer parent testimonial,Book a Free Class,parent peace of mind,Low,Sameer NRI testimonial,v2.2-mature,2026-04-30
USA_FB_Leads_Conv_Razorpay_LAL_NRI_Audience_35-55_English_Testimonials_LeadGen_NA_Video_English_Testimonial_Rishva_Patel_200426,Behavioral-Outcome,Outcome-First,Free-Class,Named-parent,Confidence,UGC-polished,English,Rishva Patel parent testimonial,Book a Free Class,parent peace of mind,Low,Rishva Patel testimonial,v2.2-mature,2026-04-30
USA_FB_Leads_Conv_LAL_PayU_IndianAudience_NRI_35-55_Christmas_LeadGen_NA_Video-Christmas-High-School-Testimonial-Madhavi-Christmas-Badge-121225,Academic-Outcome,Top-Tutors,Offer-led,Named-child,"Late-Stage-HS,Topic-Calculus",UGC-polished,English,teens build strong foundations fill learning gaps and master even challenging topics like calculus and trigonometry,Christmas Special: FREE SAT Prep Worth $499,calculus and trigonometry,High,,v2.2-mature,2026-04-30
USA_FB_Leads_Conv_LAL_Enrolled_35-55_High_School_LeadGen_NA_High-School-SAT-Prep-Manan-Sir-Video-130126,Academic-Outcome,Top-Tutors,Offer-led,Named-tutor,Late-Stage-HS,Studio,English,Is your child ready to handle the jump from high school maths to SAT-level problem solving?,Get SAT Prep worth $499 absolutely free,strengthen core high school concepts speed strategy confidence for SAT,High,,v2.2-mature,2026-04-30
USA_FB_Leads_Conv_PayU_NRI_Audience_Signup_LP_Influencer_Perf_Edit_NA_Video_Influencers_Montage_250326,Behavioral-Outcome,Outcome-First,Free-Class,Anonymous,"Confidence,Foundation",UGC-polished,English,Multiple influencers endorse Cuemath,Book a Free Class,confidence grades foundation,Low,Influencer montage,v2.2-mature,2026-04-30
ANZ-NZ_FB_Leads_Conv_HNI_New-Zealand_Video_Tamil-Parent-Shoot-in-English_140226,Behavioral-Outcome,Outcome-First,Free-Class,Anonymous,Foundation,Studio,Tamil,Tamil parent testimonial,Book a Free Class,grades and foundation,Low,Tamil parent shoot,v2.2-mature,2026-04-30
USA_FB_Leads_Conv_PayU_New_Audience_35-55_LeadGen_NA_Video_English_Testimonial_Jyoti_Sharma_Grade2_060426,Enrichment,Top-Tutors,Free-Class,Named-parent,Engagement,UGC-polished,English,I was looking something to level him up a little bit,Book a Free Class,He is excited for his class he waits for his class,High,Jyothi Sharma transcript matches Likita doc,v2.2-mature,2026-04-30
USA_PFX_FB_Leads_Conv_Advantage+Audience_Telugu_LeadGen_NA_Video_Testimonial-Ananth-29s-Telugu_250925,Behavioral-Outcome,Outcome-First,Free-Class,Named-parent,Foundation,UGC-polished,Telugu,Ananth Telugu testimonial,Book a Free Class,grades and school improvement,Low,Telugu vernac testimonial,v2.2-mature,2026-04-30
USA_FB_Leads_Conv_Advantage_Audience_High_NRI_Creatives_Scaling_Signup_Old-LP_NA_Video-Satish-English-Testimonial-030426,Behavioral-Outcome,Outcome-First,Free-Class,Named-parent,"Confidence,Foundation",Studio,English,Satish parent testimonial,Book a Free Class,confidence grades tutor quality,Low,Satish testimonial,v2.2-mature,2026-04-30
ANZ_FB_Leads_Conv_LAL-QL-0to2%_Australia_Video_Testimonial-Vandana_280126,Behavioral-Outcome,Outcome-First,Free-Class,Named-parent,Confidence,Studio,English,Vandana parent testimonial,Book a Free Class,confidence and progress,Low,Vandana studio testimonial,v2.2-mature,2026-04-30
ANZ-SG_FB_Leads_Conv_int4C_Singapore_Video_Mother-Video-V2_050226,Behavioral-Outcome,Outcome-First,Free-Class,Anonymous,"Confidence,Foundation",UGC-polished,English,Mother video V2,Book a Free Class,confidence grades foundation,Low,Generic mother UGC video,v2.2-mature,2026-04-30
ANZ-UK_FB_Leads_Conv_int4C_UK_Video_Testimonial-Vandana_100226,Behavioral-Outcome,Outcome-First,Free-Class,Named-parent,Confidence,UGC-polished,English,Vandana parent testimonial,Book a Free Class,grades and confidence,Low,Vandana UK testimonial,v2.2-mature,2026-04-30
ANZ_FB_Leads_Conv_India-Expats_Australia_Video_Cuemath-Hero-5-21s_061125,Future-readiness,MathFit,Free-Class,Anonymous,Concept-Clarity,Animated,English,Cuemath hero brand video,Book a Free Class,builds thinking and concepts,Medium,Brand hero video,v2.2-mature,2026-04-30
MEA_AKT_FB_Leads_Conv_Interest_Maths_Engaged_shoppers_Parents_with_preteens_Video_Brand-Mission-27s_20-Oct-2025,Future-readiness,MathFit,Free-Class,Anonymous,Concept-Clarity,Static-Graphic,English,Brand Mission 27s,Book a Free Class,builds thinking and concepts,Medium,MEA brand mission video,v2.2-mature,2026-04-30
ANZ_FB_Leads_Conv_Bollywood_Australia_Video_Testimonial-Montage_180326,Behavioral-Outcome,Outcome-First,Free-Class,Anonymous,"Confidence,Foundation",UGC-polished,English,Multiple parents share testimonials,Book a Free Class,confidence grades parent peace,Low,Testimonial montage AUS,v2.2-mature,2026-04-30
K-2_Testimonial_Tripura_Shankar_240226,System-diagnosis,1-1-Personalization,Free-Class,Named-child,"Personalization-Gap,Foundation",Studio,English,Before Cuemath we have tried Kumon Mathnasium which we felt was not kid specific,Book a Free Class,Cuemath's one-to-one focus helped my kid focus better,High,K-2 Tripura Shankar testimonial,v2.2-mature,2026-04-30
ANZ_FB_Leads_Conv_LAL-PayU_Australia_Video_Testimonial-Vandana_110226,Behavioral-Outcome,Outcome-First,Free-Class,Named-parent,Confidence,Studio,English,Vandana parent testimonial,Book a Free Class,parent peace of mind,Low,Vandana studio testimonial,v2.2-mature,2026-04-30
ANZ-UK_FB_Leads_Conv_int4C_UK_Video_Testimonial-Robin-Wife_100226,Behavioral-Outcome,Outcome-First,Free-Class,Named-parent,Confidence,UGC-polished,English,Robin's wife parent testimonial,Book a Free Class,parent peace of mind,Low,Australia Robin Wife testimonial,v2.2-mature,2026-04-30
ANZ-UK_FB_Leads_Conv_PayU_UK_Video_Testimonial-Vandana_230326,Behavioral-Outcome,Outcome-First,Free-Class,Named-parent,"Confidence,Foundation",Studio,English,Vandana parent testimonial,Book a Free Class,confidence grades foundation,Low,Vandana studio testimonial,v2.2-mature,2026-04-30
ANZ_FB_Leads_Conv_Parents-All-Pri+Sec_Australia_Video_Testimonial-Mohit-Kukreja_290126,Enrichment,1-1-Personalization,Recommendation,Named-child,Engagement,UGC-polished,English,We were looking for more of mathematics tutoring where they have more of creative thinking,I will 100% recommend Cuemath,He loves that challenge,High,Mohit Kukreja AUS testimonial,v2.2-mature,2026-04-30
ANZ_FB_Leads_Conv_LAL-PayU_Australia_Video_Cuemath-Hero-5-21s_020326,Future-readiness,MathFit,Free-Class,Anonymous,Concept-Clarity,Animated,English,Cuemath hero brand video,Book a Free Class,builds thinking and concepts,Medium,Brand hero,v2.2-mature,2026-04-30
ANZ_PFX_FB_Leads-Conv_Australia_Int-All-Expats_LeadGen_NA_Video_Vandana-30-Sec_251125,Behavioral-Outcome,Outcome-First,Free-Class,Named-parent,Foundation,Studio,English,Vandana parent testimonial 30s,Book a Free Class,grades and school improvement,Low,Vandana studio 30s,v2.2-mature,2026-04-30
ANZ-EU_FB_Leads_Conv_int4C_EU_Video_Testimonial-Vandana_050426,Behavioral-Outcome,Outcome-First,Free-Class,Named-parent,"Confidence,Foundation",UGC-polished,English,Vandana parent testimonial,Book a Free Class,confidence grades foundation,Low,Vandana EU testimonial,v2.2-mature,2026-04-30
ANZ_FB_Leads_Conv_LAL-QL-0to2%_Australia_Video_Testimonial-Mohit-Kukreja_280126,Enrichment,1-1-Personalization,Recommendation,Named-child,Engagement,UGC-polished,English,We were looking for more of mathematics tutoring where they have more of creative thinking,I will 100% recommend Cuemath,He loves that challenge,High,Mohit Kukreja AUS testimonial,v2.2-mature,2026-04-30
MEA_AKT_FB_Leads_Conv_UAE_CTF_Parents_Targeting_LP_Signup_NA_Video-Australia-English-Testimonial_31-Oct-2025,Behavioral-Outcome,Outcome-First,Free-Class,Anonymous,Confidence,UGC-polished,English,Australia parent testimonial,Book a Free Class,confidence and progress,Low,Australia testimonial reused for UAE,v2.2-mature,2026-04-30
ANZ_FB_Leads_Conv_int4C_Australia_Video_Mother-Video-V2_020326,Behavioral-Outcome,Outcome-First,Free-Class,Anonymous,"Confidence,Foundation",UGC-polished,English,Mother video V2,Book a Free Class,confidence and progress,Low,Mother video,v2.2-mature,2026-04-30
ANZ_FB_Leads_Conv_NRI-Cities-Female_Australia_Video_Testimonial-Montage_200326,Behavioral-Outcome,Outcome-First,Free-Class,Anonymous,"Confidence,Foundation",UGC-polished,English,Multiple parents share testimonials,Book a Free Class,grades confidence foundation,Low,Testimonial montage AUS,v2.2-mature,2026-04-30
ANZ-UK_FB_Leads_Conv_int4C_UK_Video_Testimonial-Minal_250226,Child-diagnosis,1-1-Personalization,Recommendation,Named-child,"Confidence,Personalization-Gap",UGC-polished,English,my daughter has less confidence,I definitely recommend my friends and family to join Cuemath,my daughter needed more personalized attention,High,Minal Patel UK testimonial,v2.2-mature,2026-04-30
Static_Y-Chinese-Vernac_Boy_100426,Cultural,Cultural-Relatability,Free-Class,Anonymous,Foundation,Static-Graphic,Mandarin,Chinese vernac boy static,Book a Free Class,strong math foundations,Low,Chinese vernac static,v2.2-mature,2026-04-30
ANZ_FB_Leads_Conv_LAL-PayU_Australia_Video_Tamil-Parent-Shoot-in-English_020326,Behavioral-Outcome,Outcome-First,Free-Class,Anonymous,Foundation,Studio,Tamil,Tamil parent testimonial in English,Book a Free Class,grades and foundation,Low,Tamil parent shoot,v2.2-mature,2026-04-30
ANZ-NZ_FB_Leads_Conv_HNI_New-Zealand_Video_Cuemath-Hero-5-21s_140226,Future-readiness,MathFit,Free-Class,Anonymous,Concept-Clarity,Animated,English,Cuemath hero brand video,Book a Free Class,builds thinking and concepts,Medium,Brand hero,v2.2-mature,2026-04-30
ANZ_FB_Leads_Conv_India-Expats_Australia_Video_Testimonial-Montage_180326,Behavioral-Outcome,Outcome-First,Free-Class,Anonymous,"Confidence,Foundation",UGC-polished,English,Multiple parents share testimonials,Book a Free Class,parent peace of mind,Low,Testimonial montage AUS,v2.2-mature,2026-04-30
ANZ-NZ_FB_Leads_Conv_PayU_New-Zealand_Video_Tamil-Parent-Shoot-in-English_110226,Behavioral-Outcome,Outcome-First,Free-Class,Anonymous,Foundation,Studio,Tamil,Tamil parent testimonial in English,Book a Free Class,grades and foundation,Low,Tamil parent shoot,v2.2-mature,2026-04-30
ANZ_FB_Leads_Conv_LAL-QL-0to2%_Australia_Video_Testimonial-NAPLAN-Daphne_180326,Academic-Outcome,Outcome-First,Free-Class,Named-child,Competition-Prep,UGC-polished,English,My son and daughter are very good at school. They are toppers,Book a Free Class,He's got very good marks in NAPLAN,High,Daphne NAPLAN testimonial,v2.2-mature,2026-04-30
ANZ-NZ_FB_Leads_Conv_HNI_New-Zealand_Video_Mother-Video-V2_140226,Behavioral-Outcome,Outcome-First,Free-Class,Anonymous,"Confidence,Foundation",UGC-polished,English,Mother video V2,Book a Free Class,confidence grades foundation,Low,Mother video,v2.2-mature,2026-04-30
ANZ_FB_Leads_Conv_Parenting_Australia_Video_Testimonial-Montage_310326,Behavioral-Outcome,Outcome-First,Free-Class,Anonymous,Confidence,UGC-polished,English,Multiple parents share testimonials,Book a Free Class,parent peace of mind,Low,Testimonial montage AUS,v2.2-mature,2026-04-30
USA_PFX_FB_Leads-Conv_NA_Int-Expats-Telugu_LeadGen_NA_Video_Testimonial-3Kiran-Rohini-30s-Telugu_210825,Behavioral-Outcome,Outcome-First,Free-Class,Named-parent,Foundation,UGC-polished,Telugu,Kiran Rohini Telugu testimonial,Book a Free Class,grades and school improvement,Low,excluded-from-deck; Telugu vernac testimonial,v2.2-mature,2026-04-30
ANZ_FB_Leads_Conv_Expats-India_Australia_Video_Testimonial-NAPLAN-Daphne_060426,Academic-Outcome,Outcome-First,Free-Class,Named-child,Competition-Prep,UGC-polished,English,My son and daughter are very good at school. They are toppers,Book a Free Class,He's got very good marks in NAPLAN,High,Daphne NAPLAN testimonial,v2.2-mature,2026-04-30
ANZ_PFX_FB_Leads-Conv_Australia_LeadGen_NA_Video_Tamil-Parent-Shoot-in-English_230126,Behavioral-Outcome,Outcome-First,Free-Class,Anonymous,Foundation,UGC-polished,Tamil,Tamil parent testimonial in English,Book a Free Class,grades and foundation,Low,Tamil parent shoot,v2.2-mature,2026-04-30
ANZ_FB_Leads_Conv_Bollywood_Australia_Video_Testimonial-Mohit-Kukreja_140226,Enrichment,1-1-Personalization,Recommendation,Named-child,Engagement,UGC-polished,English,We were looking for more of mathematics tutoring where they have more of creative thinking,I will 100% recommend Cuemath,He loves that challenge,High,Mohit Kukreja AUS testimonial,v2.2-mature,2026-04-30
ANZ_FB_Leads_Conv_LAL-PayU_Australia_Video_Testimonial-Arti_150426,Behavioral-Outcome,Outcome-First,Free-Class,Named-parent,Confidence,UGC-polished,English,Arti parent testimonial,Book a Free Class,confidence and progress,Low,Arti UGC testimonial,v2.2-mature,2026-04-30
ANZ_FB_Leads_Conv_Parents-Pri+Sec-Inf_Australia_Video_Influencer-Kanika_090226,Behavioral-Outcome,Outcome-First,Free-Class,Anonymous,Personalization-Gap,UGC-polished,English,Kanika influencer endorsement,Book a Free Class,personalized attention,Low,Kanika AUS influencer,v2.2-mature,2026-04-30
ANZ_PFX_FB_Leads-Conv_Australia_PayU_LeadGen_NA_Video_Mother-Video-V2_140126,Behavioral-Outcome,Outcome-First,Free-Class,Anonymous,Confidence,UGC-polished,English,Mother video V2,Book a Free Class,confidence and progress,Low,Mother video,v2.2-mature,2026-04-30
ANZ-SG_FB_Leads_Conv_LAL-PayU_Singapore_Video_Testimonial-Gunjan-Video-V2_310126,Behavioral-Outcome,Outcome-First,Free-Class,Named-parent,Confidence,UGC-polished,English,Gunjan parent testimonial,Book a Free Class,grades and school confidence,Medium,SG Gunjan testimonial,v2.2-mature,2026-04-30
USA_FB_Leads_Conv_Int_Influencer_Postboost_35-55_Advantage_ShortForm-LP_NA_Video_Jharna-Gupta_060126,Behavioral-Outcome,Outcome-First,Free-Class,Anonymous,Confidence,UGC-polished,English,Jharna Gupta influencer endorsement,Book a Free Class,confidence grades parent peace,Low,Jharna influencer,v2.2-mature,2026-04-30
ANZ_FB_Leads_Conv_Other-Expats_Australia_Video_Cuemath-Hero-5-21s_040226,Future-readiness,MathFit,Free-Class,Anonymous,Concept-Clarity,Studio,English,Cuemath hero brand video,Book a Free Class,builds thinking and concepts,Medium,Brand hero,v2.2-mature,2026-04-30
AI_Video_Math_Confidence_240226,Enrichment,MathFit,Free-Class,Anonymous,Confidence,AI-Generated,English,AI Math Confidence video,Book a Free Class,build math confidence,Medium,AI Video Math Confidence,v2.2-mature,2026-04-30
USA_FB_Leads_Conv_LAL_PayU_IndianAudience_NRI_35-55_LeadGen_NA_Video_English-Testimonial-Priyanka-Rai-020126,Behavioral-Outcome,Outcome-First,Free-Class,Named-parent,Foundation,UGC-polished,English,Priyanka parent testimonial,Book a Free Class,grades and school improvement,Low,Priyanka D testimonial,v2.2-mature,2026-04-30
USA_FB_Leads_Conv_LAL_Enrolled_35-55_LeadGen_NA_Video_English_shoot_video_160126,Behavioral-Outcome,Outcome-First,Free-Class,Anonymous,Foundation,Studio,English,English studio testimonial,Book a Free Class,grades and school,Low,English studio shoot,v2.2-mature,2026-04-30
ANZ_FB_Leads_Conv_LAL-QL-0to2%_Australia_Video_Cuemath-Hero-5-21s_280126,Future-readiness,MathFit,Free-Class,Anonymous,Concept-Clarity,Animated,English,Cuemath hero brand video,Book a Free Class,builds thinking and concepts,Medium,Brand hero,v2.2-mature,2026-04-30
ANZ_FB_Leads_Conv_India-Expats_Australia_Video_Testimonial-Anushree_170226,Behavioral-Outcome,Outcome-First,Free-Class,Named-parent,Confidence,UGC-polished,English,Anushree parent testimonial,Book a Free Class,parent peace of mind,Low,Anushree AUS testimonial,v2.2-mature,2026-04-30
ANZ_FB_Leads_Conv_Locations_Australia_Video_Testimonial-Rishva_170226,Behavioral-Outcome,Outcome-First,Free-Class,Named-child,"Confidence,Foundation",UGC-polished,English,Rishva child testimonial,Book a Free Class,confidence grades tutor quality,Low,Rishva testimonial,v2.2-mature,2026-04-30
ANZ_FB_Leads_Conv_LAL-QL-0to2%_Australia_Video_Influencer-Montage_180326,Behavioral-Outcome,Outcome-First,Free-Class,Anonymous,Personalization-Gap,UGC-polished,English,Multiple influencers endorse Cuemath,Book a Free Class,personalized attention,Low,Influencer montage,v2.2-mature,2026-04-30
ANZ_FB_Leads_Conv_Vernac-Tamil_Australia_Video_Testimonial-Purnita-Tamil-Primary-Text_290126,Behavioral-Outcome,Outcome-First,Free-Class,Named-parent,Foundation,UGC-polished,Tamil,Purnita Tamil testimonial,Book a Free Class,grades and school improvement,Low,Tamil vernac testimonial,v2.2-mature,2026-04-30
ANZ_FB_Leads_Conv_India-Expats_Australia_Video_Testimonial-Priyanka_280126,Behavioral-Outcome,Outcome-First,Free-Class,Named-parent,Confidence,UGC-polished,English,Priyanka parent testimonial,Book a Free Class,parent peace of mind,Low,Priyanka D AUS testimonial,v2.2-mature,2026-04-30
ANZ_FB_Leads_Conv_LAL-QL-0to2%_Australia_Video_Tamil-Parent-Shoot-in-English_280126,Behavioral-Outcome,Outcome-First,Free-Class,Anonymous,Foundation,UGC-polished,Tamil,Tamil parent testimonial in English,Book a Free Class,grades and foundation,Low,Tamil parent shoot,v2.2-mature,2026-04-30
USA_FB_Leads_Conv_Influencer_LAL_Enrolled_Signup_LP_Postboost_Placement_Targeting_Video_Anu_170326,Behavioral-Outcome,Outcome-First,Free-Class,Anonymous,Confidence,UGC-polished,English,Anu influencer endorsement,Book a Free Class,confidence and grades,Low,Anu influencer postboost,v2.2-mature,2026-04-30
ANZ_FB_Leads_Conv_LAL-PayU_Australia_Video_Testimonial-Anushree_170226,Behavioral-Outcome,Outcome-First,Free-Class,Named-parent,"Confidence,Foundation",UGC-polished,English,Anushree parent testimonial,Book a Free Class,confidence grades foundation,Low,Anushree AUS testimonial,v2.2-mature,2026-04-30
ANZ-SG_FB_Leads_Conv_LAL-PayU_Singapore_Video_Testimonial-Mohit-Kukreja_310126,Enrichment,1-1-Personalization,Recommendation,Named-child,Engagement,Studio,English,We were looking for more of mathematics tutoring where they have more of creative thinking,I will 100% recommend Cuemath,He loves that challenge,High,Mohit Kukreja Singapore cut,v2.2-mature,2026-04-30
ANZ-UK_FB_Leads_Conv_PayU_UK_Video_Testimonial-Gunjan-Video-V2_030326,Behavioral-Outcome,Outcome-First,Offer-led,Named-parent,"Confidence,Foundation",UGC-polished,English,Gunjan parent testimonial,promotional offer,grades and confidence,Medium,Gunjan UK testimonial with promo,v2.2-mature,2026-04-30
ANZ_FB_Leads_Conv_LAL-PayU_Australia_Video_Testimonial-Robin-Wife_110226,Behavioral-Outcome,Outcome-First,Free-Class,Named-parent,Confidence,UGC-polished,English,Robin's wife parent testimonial,Book a Free Class,parent peace of mind,Low,Australia Robin Wife testimonial,v2.2-mature,2026-04-30
ANZ_FB_Leads_Conv_Parents-All-Pri+Sec_Australia_Video_NAPLAN-Testimonial-Vishal_020326,Academic-Outcome,Outcome-First,Free-Class,Named-child,Competition-Prep,UGC-polished,English,He always is in the accelerated pathways,Book a Free Class,top of his peer group in NAPLAN,High,Vishal NAPLAN testimonial,v2.2-mature,2026-04-30
ANZ-SG_FB_Leads_Conv_int4C_Singapore_Video_Tamil-Parent-Shoot-in-English_050226,Behavioral-Outcome,Outcome-First,Free-Class,Anonymous,Foundation,Studio,Tamil,Tamil parent testimonial in English,Book a Free Class,grades and foundation,Low,Tamil parent shoot,v2.2-mature,2026-04-30
MEA_AKT_FB_Leads_Conv_Cities_Int_Premium_Brands-New-Creatives-35-55_LeadGen_NA_Video-Australia-English-Testimonial-05-Nov-2025,Behavioral-Outcome,Outcome-First,Free-Class,Anonymous,Confidence,UGC-polished,English,Australia parent testimonial,Book a Free Class,confidence and progress,Low,Australia testimonial reused for MEA,v2.2-mature,2026-04-30
ANZ_PFX_FB_Leads-Conv_Australia_LAL-0to2%_ShortForm-LP-Signup_NA_Video_Testimonial-Aus-Parent_020126,Behavioral-Outcome,Outcome-First,Free-Class,Anonymous,Foundation,UGC-polished,English,Australia parent testimonial,Book a Free Class,grades and school,Low,AUS parent testimonial,v2.2-mature,2026-04-30
ANZ_FB_Leads_Conv_int4C_Australia_Video_Testimonial-Lakshmi_060426,Enrichment,Top-Tutors,Free-Class,Named-parent,Foundation,UGC-polished,English,we want math and science to be our strong suits,Book a Free Class,Trigonometry — she needs more time,High,Lakshmi (Norway) testimonial,v2.2-mature,2026-04-30
ANZ_FB_Leads_Conv_Razorpay_Australia_Video_Testimonial-Arti_180426,Behavioral-Outcome,Outcome-First,Free-Class,Named-parent,Confidence,UGC-polished,English,Arti parent testimonial,Book a Free Class,confidence and progress,Low,Arti UGC testimonial,v2.2-mature,2026-04-30
ANZ_FB_Leads_Conv_Vernac-Telugu_Australia_Video_Testimonial-Sravanthi-Telugu-Primary-Text_290126,Academic-Outcome,Outcome-First,Free-Class,Named-parent,Foundation,UGC-polished,Telugu,Sravanthi Telugu testimonial,Book a Free Class,At the grade level our children have improved a lot,Medium,Sravanthi Telugu testimonial; in Madhavi transcript,v2.2-mature,2026-04-30
ANZ_FB_Leads_Conv_Int-Parenting_Australia_Video_Testimonial-Gunjan-Video-V2_050126,Behavioral-Outcome,Outcome-First,Free-Class,Named-parent,Confidence,UGC-polished,English,Gunjan parent testimonial,Book a Free Class,parent peace of mind,Medium,Gunjan AUS testimonial,v2.2-mature,2026-04-30
ANZ-UK_FB_Leads_Conv_iIndian-Expats_Singapore_Video_Cuemath-Hero-5-21s_100226,Future-readiness,MathFit,Free-Class,Anonymous,Concept-Clarity,Animated,English,Cuemath hero brand video,Book a Free Class,builds thinking and concepts,Medium,Brand hero,v2.2-mature,2026-04-30
ANZ_FB_Leads_Conv_LAL-0to2%-AllQLs-V2_Australia_Video_Testimonial-Gunjan-V2_050126,Behavioral-Outcome,Outcome-First,Free-Class,Named-parent,Confidence,UGC-polished,English,Gunjan parent testimonial,Book a Free Class,confidence and grades,Medium,Gunjan AUS testimonial V2,v2.2-mature,2026-04-30
ANZ_FB_Leads_Conv_Vernac-Tamil_Australia_Video_Testimonial-Kaviya-Tamil-Primary-Text_290126,Behavioral-Outcome,Outcome-First,Free-Class,Named-parent,Foundation,UGC-polished,Tamil,Kaviya Tamil testimonial,Book a Free Class,grades and school improvement,Low,Tamil vernac testimonial,v2.2-mature,2026-04-30
ANZ_FB_Leads_Conv_int-Parents_Australia_Video_Kids-Rapid-Fire_090426,Behavioral-Outcome,Outcome-First,Free-Class,Anonymous,Engagement,UGC-polished,English,Kids rapid fire shoot,Book a Free Class,fun and engagement,Medium,Kids rapid-fire shoot,v2.2-mature,2026-04-30
ANZ_FB_Leads_Conv_LAL-PayU_Australia_Video_Testimonial-Minal_250226,Child-diagnosis,1-1-Personalization,Recommendation,Named-child,"Confidence,Personalization-Gap",UGC-polished,English,my daughter has less confidence,I definitely recommend my friends and family to join Cuemath,my daughter needed more personalized attention,High,Minal Patel testimonial,v2.2-mature,2026-04-30
USA_FB_Leads_Conv_LAL_PayU_IndianAudience_NRI_35-55_New_English_Generic_LeadGen_NA_Video_English_Testimonial_Anushree_Jain_180226,Behavioral-Outcome,Outcome-First,Free-Class,Named-parent,"Speed-Accuracy,Foundation",UGC-polished,English,He calculate very fast,Book a Free Class,he knows how to convert kilogram and gram he grabs it very quickly,High,Anushree Jain testimonial,v2.2-mature,2026-04-30
USA_FB_Leads_Conv_Razorpay_NRI_Audience_35-55_English_Testimonials_Part2_LeadGen_NA_Video_Testimonial_Tripura_Shankar_070426,System-diagnosis,1-1-Personalization,Free-Class,Named-child,"Personalization-Gap,Foundation",UGC-polished,English,Before Cuemath we have tried Kumon Mathnasium which we felt was not kid specific,Book a Free Class,Cuemath's one-to-one focus helped my kid focus better,High,Tripura Shankar testimonial,v2.2-mature,2026-04-30
ANZ_FB_Leads_Conv_Expats-India_Australia_Video_NAPLAN-Review-Static-Based_060426,Academic-Outcome,Outcome-First,Free-Class,Anonymous,Competition-Prep,Static-Graphic,English,NAPLAN review static-based,Book a Free Class,NAPLAN preparation,High,NAPLAN review video,v2.2-mature,2026-04-30
ANZ-NZ_FB_Leads_Conv_Parents-Pri+Sec_Australia_Form_Video_Testimonial-Manish_280126,Behavioral-Outcome,Outcome-First,Free-Class,Named-parent,Foundation,UGC-polished,English,Manish parent testimonial,Book a Free Class,grades and foundation,Low,Manish AUS testimonial,v2.2-mature,2026-04-30
ANZ_FB_Leads_Conv_LAL-PayU_Australia_Video_Mother-Video-V2_290126,Behavioral-Outcome,Outcome-First,Free-Class,Anonymous,"Confidence,Foundation",UGC-polished,English,Mother video V2,Book a Free Class,confidence grades parent peace,Low,Mother video,v2.2-mature,2026-04-30
ANZ_FB_Leads_Conv_LAL-PayU_Australia_Video_Testimonial-Priyanka_110226,Behavioral-Outcome,Outcome-First,Free-Class,Named-parent,Foundation,UGC-polished,English,Priyanka parent testimonial,Book a Free Class,grades and school,Low,Priyanka D testimonial,v2.2-mature,2026-04-30
Video_Chinese-Hero-28s_280126,Cultural,Cultural-Relatability,Free-Class,Anonymous,Foundation,Studio,Mandarin,Chinese hero video,Book a Free Class,strong math foundations,Low,Chinese hero studio,v2.2-mature,2026-04-30
ANZ_FB_Leads_Conv_Locations_Australia_Video_Testimonial-Gunjan-Video-V2_060226,Behavioral-Outcome,Outcome-First,Free-Class,Named-parent,Confidence,Studio,English,Gunjan parent testimonial,Book a Free Class,parent peace of mind,Medium,Gunjan AUS testimonial,v2.2-mature,2026-04-30
ANZ-SG_FB_Leads_Conv_LAL-PayU_Singapore_Video_Testimonial2-Rishva_260226,Behavioral-Outcome,Outcome-First,Free-Class,Named-child,"Confidence,Foundation",UGC-polished,English,Rishva child testimonial,Book a Free Class,confidence and grades,Low,Rishva SG testimonial,v2.2-mature,2026-04-30
ANZ_FB_Leads_Conv_RM-Combined_Australia_Video_Testimonial-Gunjan-Video-V2_050126,Behavioral-Outcome,Outcome-First,Free-Class,Named-parent,Confidence,Studio,English,Gunjan parent testimonial,Book a Free Class,confidence grades parent peace,Medium,Gunjan AUS retargeting testimonial,v2.2-mature,2026-04-30
CAN_FB_Leads_Conv_Expats_34-55_Signup_Old_LP_NA_Video_English-Testimonial-Kasi-Madi-25s_020126,Behavioral-Outcome,Outcome-First,Free-Class,Named-parent,Confidence,UGC-polished,English,Kasi Madi parent testimonial,Book a Free Class,parent peace of mind,Low,Canada Kasi Madi testimonial,v2.2-mature,2026-04-30
ANZ-NZ_FB_Leads_Conv_PayU_New-Zealand_Video_New-Hero-4_110226,Future-readiness,MathFit,Free-Class,Anonymous,Concept-Clarity,Animated,English,New Hero Video 4,Book a Free Class,builds thinking and concepts,Medium,New hero video 4,v2.2-mature,2026-04-30
